pair_id,sample_role,tic_id,target_name,sector_or_product,event_time_btjd,depth_ppm,local_snr,duration_hours,fwhm_hours,ingress_duration_hours,egress_duration_hours,egress_ingress_ratio,skewness,kurtosis,delta_chi2_asym,n_points_window,edge_event,single_point_like,detector_version,n_lc_points,ml_score,quality_score,final_candidate_score,ranker_version,flag_low_snr,flag_edge_event,flag_single_point_like,flag_likely_flare_shape,flag_low_delta_chi2,flag_poor_asymmetry_fit,needs_manual_review,automated_vetting_status,eb_catalog_check_status,vsx_check_status,simbad_check_status,vetter_version,ra_deg,dec_deg,vsx_match_name,vsx_variable_type,vsx_sep_arcsec,simbad_main_id,simbad_otype,simbad_otypes,simbad_sep_arcsec,tess_eb_check_status,tess_eb_match_id,tess_eb_sep_arcsec,external_false_positive_flag,external_vetting_notes,external_vetter_version,flag_external_catalog_match
23,control,115598451,TIC 115598451,TIC 115598451,1766.0781212210566,14594.674110412598,35.662806820108,9.000103911201222,8.375147062683027,0.5000060096699599,8.500097901531262,16.99999147438636,-3.813044155514491,13.870495342854458,-224.9420819946829,32,False,False,phase3_v1,1111,0.92270243,0.75,0.861351215839386,phase4_v1,False,False,False,False,True,False,True,flagged,not_attempted,matched,matched,phase5_v1,8.37480817073698,40.1056561009082,NSV 15119,,0.8222528496160315,HD   2993,**,,0.30682124965688645,not_found,,,known_variable_match,"VSX: NSV 15119 type= (0.8""); SIMBAD: HD   2993 otype=** (0.3"")",phase5c_v1,True
12,control,444335503,TIC 444335503,TIC 444335503,2879.339676684507,17908.990383148193,29.54005058882242,1.1555610716277442,1.1496438519134244,0.5055579803629371,0.6500030912648072,1.285714233604173,-3.646690834299387,12.966155391322111,367.32025061512377,4316,False,False,phase3_v1,107878,0.92270243,0.7171428540162503,0.8482083574458862,phase4_v1,False,False,False,False,False,False,False,pass,not_attempted,not_found,matched,phase5_v1,5.97161160524547,60.9613876577015,,,,HD   1917,SB*,,0.006966641036593609,not_found,,,no_external_match,"SIMBAD: HD   1917 otype=SB* (0.0"")",phase5c_v1,False
12,control,444335503,TIC 444335503,TIC 444335503,2869.7229088177373,17977.893352508545,20.458490384409817,1.161129605359747,1.155064237624174,0.5500087636537501,0.611120841705997,1.1111110987509996,-3.4951497630249824,12.051898046695667,124.86323132746656,4317,False,False,phase3_v1,107878,0.92270243,0.70666666592506,0.84401788220941,phase4_v1,False,False,False,False,False,False,False,pass,not_attempted,not_found,matched,phase5_v1,5.97161160524547,60.9613876577015,,,,HD   1917,SB*,,0.006966641036593609,not_found,,,no_external_match,"SIMBAD: HD   1917 otype=SB* (0.0"")",phase5c_v1,False
12,control,444335503,TIC 444335503,TIC 444335503,2876.936189346549,17997.324466705322,33.95450356288105,1.1444533238754957,1.1401466393908777,0.5444486788364884,0.6000046450390073,1.1020407769585272,-3.658189282885627,12.933533921932089,456.038384606456,4315,False,False,phase3_v1,107878,0.92270243,0.7061224466175117,0.8438001944863907,phase4_v1,False,False,False,False,False,False,False,pass,not_attempted,not_found,matched,phase5_v1,5.97161160524547,60.9613876577015,,,,HD   1917,SB*,,0.006966641036593609,not_found,,,no_external_match,"SIMBAD: HD   1917 otype=SB* (0.0"")",phase5c_v1,False
12,control,444335503,TIC 444335503,TIC 444335503,2874.5322320879586,17551.541328430176,26.446683885490692,1.1777902463109058,1.1704149470424454,0.5666726735471457,0.6111175727637601,1.0784313436863069,-3.164791497319183,9.336806962389383,316.12190537779315,3417,False,False,phase3_v1,107878,0.92270243,0.7047058806211784,0.8432335680878574,phase4_v1,False,False,False,False,False,True,True,flagged,not_attempted,not_found,matched,phase5_v1,5.97161160524547,60.9613876577015,,,,HD   1917,SB*,,0.006966641036593609,not_found,,,no_external_match,"SIMBAD: HD   1917 otype=SB* (0.0"")",phase5c_v1,False
12,control,444335503,TIC 444335503,TIC 444335503,2872.1289625952472,17939.329147338867,28.395976061153984,1.1389040684443898,1.1355085358081851,0.5888967464234156,0.5500073220209742,0.9339622359290808,-3.581714901963732,12.523199405771203,285.22384708261507,4314,False,False,phase3_v1,107878,0.92270243,0.7,0.841351215839386,phase4_v1,False,False,False,False,False,True,True,flagged,not_attempted,not_found,matched,phase5_v1,5.97161160524547,60.9613876577015,,,,HD   1917,SB*,,0.006966641036593609,not_found,,,no_external_match,"SIMBAD: HD   1917 otype=SB* (0.0"")",phase5c_v1,False
12,control,444335503,TIC 444335503,TIC 444335503,2855.295499898003,18691.24174118042,31.390847995248897,1.2278146650751296,1.2235164396552136,0.6277966482048214,0.6000180168703082,0.9557521827904848,-3.5512191094014174,12.16611131220166,49.78862794318866,4315,False,False,phase3_v1,107878,0.92270243,0.5744715698579717,0.7911398437825746,phase4_v1,False,False,False,False,False,True,True,flagged,not_attempted,not_found,matched,phase5_v1,5.97161160524547,60.9613876577015,,,,HD   1917,SB*,,0.006966641036593609,not_found,,,no_external_match,"SIMBAD: HD   1917 otype=SB* (0.0"")",phase5c_v1,False
12,control,444335503,TIC 444335503,TIC 444335503,2862.509810562071,18312.99066543579,19.825046917855985,1.2222497579241465,1.217868163366802,0.6055692057707347,0.6166805521534116,1.0183485987675591,-3.384135810615158,11.356224324551697,30.16145246620772,4314,False,False,phase3_v1,107878,0.92270243,0.5265045470915729,0.7719530346760152,phase4_v1,False,False,False,False,False,True,True,flagged,not_attempted,not_found,matched,phase5_v1,5.97161160524547,60.9613876577015,,,,HD   1917,SB*,,0.006966641036593609,not_found,,,no_external_match,"SIMBAD: HD   1917 otype=SB* (0.0"")",phase5c_v1,False
12,control,444335503,TIC 444335503,TIC 444335503,2875.7364106602963,15888.631343841553,19.981882449588525,1.0944544976919133,1.0931615300396516,0.5500050588525482,0.544449438839365,0.989898965611746,-3.444981607460788,11.772565411919787,29.171293941342356,4318,False,False,phase3_v1,107878,0.92270243,0.5229282348533559,0.7705225097807283,phase4_v1,False,False,False,False,False,True,True,flagged,not_attempted,not_found,matched,phase5_v1,5.97161160524547,60.9613876577015,,,,HD   1917,SB*,,0.006966641036593609,not_found,,,no_external_match,"SIMBAD: HD   1917 otype=SB* (0.0"")",phase5c_v1,False
12,control,444335503,TIC 444335503,TIC 444335503,2870.9245475838934,15815.675258636476,13.739551788100584,1.1889063200433156,1.1812782493689156,0.5388967970648082,0.6500095229785074,1.2061855377855155,-3.176825091325086,10.4685595610311,-58.76264351376767,4315,False,False,phase3_v1,107878,0.92270243,0.4623711322671309,0.7462996687462383,phase4_v1,False,False,False,False,True,False,True,flagged,not_attempted,not_found,matched,phase5_v1,5.97161160524547,60.9613876577015,,,,HD   1917,SB*,,0.006966641036593609,not_found,,,no_external_match,"SIMBAD: HD   1917 otype=SB* (0.0"")",phase5c_v1,False
12,control,444335503,TIC 444335503,TIC 444335503,2873.330598165354,15480.220317840576,13.930446727432518,1.1500137607545184,1.1468934619770152,0.5444509642802586,0.6055627964742598,1.1122448782413097,-3.2747707784812894,10.94079813629488,-7.919090060110648,4319,False,False,phase3_v1,107878,0.92270243,0.4567346926944786,0.7440450929171775,phase4_v1,False,False,False,False,True,False,True,flagged,not_attempted,not_found,matched,phase5_v1,5.97161160524547,60.9613876577015,,,,HD   1917,SB*,,0.006966641036593609,not_found,,,no_external_match,"SIMBAD: HD   1917 otype=SB* (0.0"")",phase5c_v1,False
12,control,444335503,TIC 444335503,TIC 444335503,2878.1403644806933,15626.192092895508,31.774877891720053,1.150007239633851,1.1487646300411145,0.5722258293353661,0.5777814102984848,1.0097087210648483,-3.5736521857272945,12.404298433958893,-12.283008475444603,4318,False,False,phase3_v1,107878,0.92270243,0.4505825232638909,0.7415842251449424,phase4_v1,False,False,False,False,True,True,True,flagged,not_attempted,not_found,matched,phase5_v1,5.97161160524547,60.9613876577015,,,,HD   1917,SB*,,0.006966641036593609,not_found,,,no_external_match,"SIMBAD: HD   1917 otype=SB* (0.0"")",phase5c_v1,False
12,control,444335503,TIC 444335503,TIC 444335503,2857.7001989675273,18750.96559524536,28.34455964907595,1.205588910197548,1.2031438441044884,0.6000166087324033,0.6055723014651448,1.00925923158107,-3.509023493492709,11.919263237511675,-78.56764450426544,4318,False,False,phase3_v1,107878,0.92270243,0.4505555538948642,0.7415734373973316,phase4_v1,False,False,False,False,True,True,True,flagged,not_attempted,not_found,matched,phase5_v1,5.97161160524547,60.9613876577015,,,,HD   1917,SB*,,0.006966641036593609,not_found,,,no_external_match,"SIMBAD: HD   1917 otype=SB* (0.0"")",phase5c_v1,False
12,control,444335503,TIC 444335503,TIC 444335503,2858.904166709522,16805.440187454224,16.23664101586227,1.233365915431932,1.2276428093755385,0.6444614744541468,0.5889044409777853,0.9137930882161454,-3.211029189671883,10.366476648715686,-263.83910318447124,4314,False,False,phase3_v1,107878,0.92270243,0.45,0.741351215839386,phase4_v1,False,False,False,False,True,True,True,flagged,not_attempted,not_found,matched,phase5_v1,5.97161160524547,60.9613876577015,,,,HD   1917,SB*,,0.006966641036593609,not_found,,,no_external_match,"SIMBAD: HD   1917 otype=SB* (0.0"")",phase5c_v1,False
12,control,444335503,TIC 444335503,TIC 444335503,2861.3083938137142,16686.677932739258,14.867154953155632,1.2444741214058013,1.2405715620334377,0.6333484461574699,0.6111256752483314,0.964912251630261,-3.172566950325925,10.090848846865304,-200.5213362425693,4312,False,False,phase3_v1,107878,0.92270243,0.45,0.741351215839386,phase4_v1,False,False,False,False,True,True,True,flagged,not_attempted,not_found,matched,phase5_v1,5.97161160524547,60.9613876577015,,,,HD   1917,SB*,,0.006966641036593609,not_found,,,no_external_match,"SIMBAD: HD   1917 otype=SB* (0.0"")",phase5c_v1,False
12,control,444335503,TIC 444335503,TIC 444335503,2860.1062810326334,19157.230854034424,24.473323837161335,1.1944744737738802,1.1926998806993652,0.6333492619960452,0.5611252117778349,0.8859648940134688,-3.394805950204568,11.180679020129409,-112.33492463777748,4203,False,False,phase3_v1,107878,0.92270243,0.45,0.741351215839386,phase4_v1,False,False,False,False,True,False,True,flagged,not_attempted,not_found,matched,phase5_v1,5.97161160524547,60.9613876577015,,,,HD   1917,SB*,,0.006966641036593609,not_found,,,no_external_match,"SIMBAD: HD   1917 otype=SB* (0.0"")",phase5c_v1,False
12,control,444335503,TIC 444335503,TIC 444335503,2854.094537325419,16209.48314666748,14.748553673688193,1.1889256206304708,1.181455685527908,0.6111299946787767,0.5777956259516941,0.945454536649598,-3.1378083541943647,10.167712762513828,-81.09809916339191,4316,False,False,phase3_v1,107878,0.92270243,0.45,0.741351215839386,phase4_v1,False,False,False,False,True,True,True,flagged,not_attempted,not_found,matched,phase5_v1,5.97161160524547,60.9613876577015,,,,HD   1917,SB*,,0.006966641036593609,not_found,,,no_external_match,"SIMBAD: HD   1917 otype=SB* (0.0"")",phase5c_v1,False
12,control,444335503,TIC 444335503,TIC 444335503,2868.5219631308664,16300.201416015623,12.981514320190264,1.1722420134174172,1.1668511960597243,0.594454484351445,0.5777875290659722,0.9719626048348232,-3.0879886050938894,9.915049387108306,-82.48022086685705,4315,False,False,phase3_v1,107878,0.92270243,0.45,0.741351215839386,phase4_v1,False,False,False,False,True,True,True,flagged,not_attempted,not_found,matched,phase5_v1,5.97161160524547,60.9613876577015,,,,HD   1917,SB*,,0.006966641036593609,not_found,,,no_external_match,"SIMBAD: HD   1917 otype=SB* (0.0"")",phase5c_v1,False
12,control,444335503,TIC 444335503,TIC 444335503,2856.4980816388234,16668.766736984253,17.24493057111053,1.14447750834006,1.1397717648505932,0.6000173407846887,0.5444601675553713,0.907407387332071,-3.2054360119993115,10.348111097715575,-181.88669594626023,4316,False,False,phase3_v1,107878,0.92270243,0.45,0.741351215839386,phase4_v1,False,False,False,False,True,True,True,flagged,not_attempted,not_found,matched,phase5_v1,5.97161160524547,60.9613876577015,,,,HD   1917,SB*,,0.006966641036593609,not_found,,,no_external_match,"SIMBAD: HD   1917 otype=SB* (0.0"")",phase5c_v1,False
12,control,444335503,TIC 444335503,TIC 444335503,2880.545468524945,15661.776065826416,36.73157853903205,1.1666703672381118,1.1644590512951254,0.5833351920009591,0.5833351752371527,0.9999999712621378,-3.5684767160050983,12.269707849244195,-55.45975897197786,4314,False,False,phase3_v1,107878,0.92270243,0.45,0.741351215839386,phase4_v1,False,False,False,False,True,True,True,flagged,not_attempted,not_found,matched,phase5_v1,5.97161160524547,60.9613876577015,,,,HD   1917,SB*,,0.006966641036593609,not_found,,,no_external_match,"SIMBAD: HD   1917 otype=SB* (0.0"")",phase5c_v1,False
22,target,63790159,gam Tri,TIC 63790159,1792.671793898932,1005.9475898742676,10.292387475304247,0.0666667167715786,0.0257146127805754,0.0333333528033108,0.0333333639682678,1.0000003349485131,-1.167458074188983,8.106962835104875,-3.199043292346687,711,False,False,phase3_v1,14756,0.9214674,0.4500000200969108,0.7407337197582773,phase4_v1,False,False,False,False,True,True,True,flagged,not_attempted,not_found,matched,phase5_v1,34.32883333333333,33.84711111111111,,,,* gam Tri,PM*,,0.7257198156500323,not_found,,,no_external_match,"SIMBAD: * gam Tri otype=PM* (0.7"")",phase5c_v1,False
22,target,63790159,gam Tri,TIC 63790159,1804.492516272379,1134.932041168213,10.176686649123496,0.0666655209861346,0.0328773874534817,0.0333327604821533,0.0333327605039812,1.0000000006548475,-1.2037744112643396,6.6478079896738205,-5.21331727103825,709,False,False,phase3_v1,14756,0.9214674,0.4500000000392908,0.7407337117352293,phase4_v1,False,False,False,False,True,True,True,flagged,not_attempted,not_found,matched,phase5_v1,34.32883333333333,33.84711111111111,,,,* gam Tri,PM*,,0.7257198156500323,not_found,,,no_external_match,"SIMBAD: * gam Tri otype=PM* (0.7"")",phase5c_v1,False
5,control,266586474,TIC 266586474,TIC 266586474,1347.5039582253237,824.5706558227539,4.979138295944087,0.2999938449611363,0.2239842775434226,0.0333326494328503,0.266661195528286,8.00000000196455,-0.2302561759695885,1.2094979156342005,10.755381491374578,600,False,False,phase3_v1,18136,0.9214674,0.5509496770459203,0.730904965497322,phase4_v1,True,False,False,False,False,False,True,flagged,not_attempted,not_found,matched,phase5_v1,319.484526648218,-32.1725471445341,,,,* eps Mic,PM*,,0.004034389859629958,not_found,,,no_external_match,"SIMBAD: * eps Mic otype=PM* (0.0"")",phase5c_v1,False
27,target,436840249,33 Ari,TIC 436840249,1804.49276382728,3491.044044494629,9.000894003769465,0.0666657892070361,0.0376759914724971,0.0333328945926041,0.033332894614432,1.0000000006548448,-0.92032611824023,6.335822241588813,1.2047646918443888,714,False,False,phase3_v1,14739,0.92270243,0.4080521419385275,0.7145810126524916,phase4_v1,False,False,False,False,True,True,True,flagged,not_attempted,not_found,matched,phase5_v1,40.17133333333333,27.060861111111112,,,,*  33 Ari,PM*,,0.6580493206682974,not_found,,,no_external_match,"SIMBAD: *  33 Ari otype=PM* (0.7"")",phase5c_v1,False
5,control,266586474,TIC 266586474,TIC 266586474,1347.9942258207675,899.9109268188477,4.0282679931082415,0.2999938449611363,0.2603591572642472,0.0333326494328503,0.266661195528286,8.00000000196455,-0.5752497686825802,0.4154229790097803,5.150671791638274,407,False,False,phase3_v1,18136,0.9214674,0.4941487391689665,0.698675887318182,phase4_v1,True,False,False,False,False,False,True,flagged,not_attempted,not_found,matched,phase5_v1,319.484526648218,-32.1725471445341,,,,* eps Mic,PM*,,0.004034389859629958,not_found,,,no_external_match,"SIMBAD: * eps Mic otype=PM* (0.0"")",phase5c_v1,False
27,target,436840249,33 Ari,TIC 436840249,1805.0816444276832,3322.5417137145996,8.272417690979944,0.0666656662506284,0.0376894453438581,0.0333328387350775,0.0333328275155508,0.9999996634092064,-0.4252033910594645,5.074130169820403,-1.2814530315539514,713,False,False,phase3_v1,14739,0.92270243,0.3722587960940975,0.6929789111868245,phase4_v1,False,False,False,False,True,True,True,flagged,not_attempted,not_found,matched,phase5_v1,40.17133333333333,27.060861111111112,,,,*  33 Ari,PM*,,0.6580493206682974,not_found,,,no_external_match,"SIMBAD: *  33 Ari otype=PM* (0.7"")",phase5c_v1,False
27,target,436840249,33 Ari,TIC 436840249,1804.8247037405329,3418.5051918029785,8.101375608012809,0.0666656662506284,0.0387780126475263,0.0333328387350775,0.0333328275155508,0.9999996634092064,-0.8101994347058414,5.778166267504821,-10.133300687439371,716,False,False,phase3_v1,14739,0.92270243,0.3645619023605764,0.6881897328637446,phase4_v1,False,False,False,False,True,True,True,flagged,not_attempted,not_found,matched,phase5_v1,40.17133333333333,27.060861111111112,,,,*  33 Ari,PM*,,0.6580493206682974,not_found,,,no_external_match,"SIMBAD: *  33 Ari otype=PM* (0.7"")",phase5c_v1,False
27,target,436840249,33 Ari,TIC 436840249,1809.3579461749168,2964.6754264831543,7.999164493468377,0.0999974991354974,0.0595032845722016,0.0666649956983747,0.0333325034371227,0.5000000838211327,-0.9461670836278904,4.444905304052233,-57.55326583424301,709,False,False,phase3_v1,14739,0.92270243,0.3599624022060769,0.6853278216565006,phase4_v1,False,False,False,False,True,False,True,flagged,not_attempted,not_found,matched,phase5_v1,40.17133333333333,27.060861111111112,,,,*  33 Ari,PM*,,0.6580493206682974,not_found,,,no_external_match,"SIMBAD: *  33 Ari otype=PM* (0.7"")",phase5c_v1,False
27,target,436840249,33 Ari,TIC 436840249,1791.6580967998948,2532.2437286376953,7.795175578238213,0.0666673202467791,0.0371183279949036,0.0333336545299971,0.0333336657167819,1.000000335600311,-0.7605330786011834,4.510114013941513,-71.62121531338039,553,False,False,phase3_v1,14739,0.92270243,0.3507829211567383,0.6796161400844635,phase4_v1,False,False,False,False,True,True,True,flagged,not_attempted,not_found,matched,phase5_v1,40.17133333333333,27.060861111111112,,,,*  33 Ari,PM*,,0.6580493206682974,not_found,,,no_external_match,"SIMBAD: *  33 Ari otype=PM* (0.7"")",phase5c_v1,False
27,target,436840249,33 Ari,TIC 436840249,1809.6148841030276,2839.7440910339355,7.335029274992793,0.0999974991354974,0.0571552583805896,0.0666649956983747,0.0333325034371227,0.5000000838211327,-0.6806855395970032,3.1308901299112666,0.3702201021301334,711,False,False,phase3_v1,14739,0.92270243,0.331001867630001,0.6671022556413143,phase4_v1,False,False,False,False,True,False,True,flagged,not_attempted,not_found,matched,phase5_v1,40.17133333333333,27.060861111111112,,,,*  33 Ari,PM*,,0.6580493206682974,not_found,,,no_external_match,"SIMBAD: *  33 Ari otype=PM* (0.7"")",phase5c_v1,False
22,target,63790159,gam Tri,TIC 63790159,1805.0091735876472,1071.6915130615234,6.985797151721878,0.066665398018813,0.0569736433080834,0.0333327045918849,0.033332693426928,0.9999996650449732,-0.7022069516355502,2.1476598585568105,10.576202919917591,701,False,False,phase3_v1,14756,0.9214674,0.3408013791272785,0.6669122348876431,phase4_v1,False,False,False,False,False,True,True,flagged,not_attempted,not_found,matched,phase5_v1,34.32883333333333,33.84711111111111,,,,* gam Tri,PM*,,0.7257198156500323,not_found,,,no_external_match,"SIMBAD: * gam Tri otype=PM* (0.7"")",phase5c_v1,False
3,target,229012143,HD 203,TIC 229012143,1366.32740824016,801.6526699066162,3.963977919851635,0.1333355271744949,0.1140975768739736,0.0333338790023844,0.1000016481721104,3.0000003349432256,-0.2542359476793349,-0.0129450436174312,37.07322228737144,682,False,False,phase3_v1,18290,0.9214674,0.3910620822083457,0.6567983238013676,phase4_v1,True,False,False,False,False,False,True,flagged,not_attempted,not_found,matched,phase5_v1,1.7090416666666668,-23.10761111111111,,,,HD    203,PM*,,1.182127167496498,not_found,,,no_external_match,"SIMBAD: HD    203 otype=PM* (1.2"")",phase5c_v1,False
22,target,63790159,gam Tri,TIC 63790159,1805.331389573337,1038.7897491455078,6.957694558246878,0.066665398018813,0.0552245080980355,0.0333327045918849,0.033332693426928,0.9999996650449732,-0.6771442485303562,2.1238364753901395,-1.1417392767529009,704,False,False,phase3_v1,14756,0.9214674,0.3130962551211095,0.6555491593504256,phase4_v1,False,False,False,False,True,True,True,flagged,not_attempted,not_found,matched,phase5_v1,34.32883333333333,33.84711111111111,,,,* gam Tri,PM*,,0.7257198156500323,not_found,,,no_external_match,"SIMBAD: * gam Tri otype=PM* (0.7"")",phase5c_v1,False
22,target,63790159,gam Tri,TIC 63790159,1791.6537361716448,1005.3515434265136,6.1795956763127275,0.0666669067722978,0.0423419871858641,0.0333334533861489,0.0333334533861489,1.0,1.4210334325861578,3.571752143481141,13.355962274499916,551,False,False,phase3_v1,14756,0.9214674,0.3114717111203225,0.6471183529307692,phase4_v1,False,False,False,False,False,True,True,flagged,not_attempted,not_found,matched,phase5_v1,34.32883333333333,33.84711111111111,,,,* gam Tri,PM*,,0.7257198156500323,not_found,,,no_external_match,"SIMBAD: * gam Tri otype=PM* (0.7"")",phase5c_v1,False
27,target,436840249,33 Ari,TIC 436840249,1799.0428147005623,1730.6208610534668,6.152635627207962,0.0666661132527224,0.0322749791557726,0.0333330510438827,0.0333330622088396,1.0000003349515454,-0.1395203110108265,2.333391855260503,-2.9232401674822768,713,False,False,phase3_v1,14739,0.9214674,0.276868623321451,0.6330075173201729,phase4_v1,False,False,False,False,True,True,True,flagged,not_attempted,not_found,matched,phase5_v1,40.17133333333333,27.060861111111112,,,,*  33 Ari,PM*,,0.6580493206682974,not_found,,,no_external_match,"SIMBAD: *  33 Ari otype=PM* (0.7"")",phase5c_v1,False
23,target,118301927,HD 14082B,TIC 118301927,1791.3788763981956,24380.207061767574,5.79524228732157,7.400017821935762,5.017025498351359,6.33334920244306,1.0666686194927024,0.1684209389687908,-1.2121119379200649,1.436763478430512,9.104879934457928,520,False,False,phase3_v1,14725,0.92270243,0.2835481027656155,0.6327228798188479,phase4_v1,False,False,False,False,False,False,False,flagged,not_attempted,matched,matched,phase5_v1,34.353291666666664,28.741611111111112,DK Tri,TTS/ROT,0.8999736895717944,HD  14082B,BY*,,0.9274414052135707,not_found,,,known_variable_match,"VSX: DK Tri type=TTS/ROT (0.9""); SIMBAD: HD  14082B otype=BY* (0.9"")",phase5c_v1,True
8,control,398018469,TIC 398018469,TIC 398018469,1813.576726211914,684.7381591796875,3.229908230457326,0.1666652664607681,0.053123039937418,0.0333330566645599,0.1333322097962082,3.999999494134848,0.0122821958350682,0.1042579603840967,-11.046329473050832,692,False,False,phase3_v1,14834,0.9214674,0.3253458400186705,0.6231711300315544,phase4_v1,True,False,False,False,True,False,True,flagged,not_attempted,not_found,matched,phase5_v1,23.6386016223691,68.948135589728,,,,HD   9407,PM*,,0.0025834501988793415,not_found,,,no_external_match,"SIMBAD: HD   9407 otype=PM* (0.0"")",phase5c_v1,False
24,control,440042075,TIC 440042075,TIC 440042075,1772.5277145239506,1606.2259674072266,5.469809505379262,0.0666667047771625,0.0242067406616115,0.0333333523885812,0.0333333523885812,1.0,-0.145870579322676,1.6770962385765618,-0.93984901542467,609,False,False,phase3_v1,13096,0.9214674,0.2461414277420668,0.6138883778701323,phase4_v1,False,False,False,False,True,True,True,flagged,not_attempted,not_found,matched,phase5_v1,3.20017708980093,46.095403549577,,,,HD    818,PM*,,0.002012145382295509,not_found,,,no_external_match,"SIMBAD: HD    818 otype=PM* (0.0"")",phase5c_v1,False
26,control,417236897,TIC 417236897,TIC 417236897,1965.503266277209,1652.7175903320312,5.375763086739589,0.0666654188098618,0.037317383717891,0.033332709394017,0.0333327094158448,1.0000000006548484,-0.0675438504740817,1.0981535863124954,-0.0325011146582028,705,False,False,phase3_v1,18197,0.9214674,0.2419093389425724,0.6112550781639379,phase4_v1,False,False,False,False,True,True,True,flagged,not_attempted,not_found,matched,phase5_v1,17.7113956128308,67.7801243887217,,,,HD   6840,**,,0.031944072713433656,not_found,,,no_external_match,"SIMBAD: HD   6840 otype=** (0.0"")",phase5c_v1,False
5,target,194503676,sig And,TIC 194503676,1766.374064807063,548.1243133544922,4.494650017497659,0.1000003924636985,0.0515745479424367,0.0333334641472902,0.0666669283164083,2.0000000006548335,-0.2823925027763844,0.7038638574855471,0.5617448865647248,702,False,False,phase3_v1,13096,0.9214674,0.2636636130430965,0.6111456571117281,phase4_v1,True,False,False,False,True,False,True,flagged,not_attempted,matched,matched,phase5_v1,4.581666666666666,36.78511111111111,NSV 118,,0.8312036119744395,* sig And,PM*,,0.8011781839582733,not_found,,,known_variable_match,"VSX: NSV 118 type= (0.8""); SIMBAD: * sig And otype=PM* (0.8"")",phase5c_v1,True
24,control,440042075,TIC 440042075,TIC 440042075,1772.8124368866502,1605.987548828125,5.356168294529143,0.0666667047771625,0.024203147559092,0.0333333523885812,0.0333333523885812,1.0,-0.217410907724682,1.9133665529430344,-2.187806551101289,405,False,False,phase3_v1,13096,0.9214674,0.2410275732538114,0.6107064239663289,phase4_v1,False,False,False,False,True,True,True,flagged,not_attempted,not_found,matched,phase5_v1,3.20017708980093,46.095403549577,,,,HD    818,PM*,,0.002012145382295509,not_found,,,no_external_match,"SIMBAD: HD    818 otype=PM* (0.0"")",phase5c_v1,False
26,control,417236897,TIC 417236897,TIC 417236897,1965.8254823841287,1632.9288482666016,5.3529399903304755,0.0666654188098618,0.0368705656546808,0.033332709394017,0.0333327094158448,1.0000000006548484,-0.0614143697637652,1.2391969191394194,-16.87486144557829,701,False,False,phase3_v1,18197,0.9214674,0.2408822996041623,0.6106160314644826,phase4_v1,False,False,False,False,True,True,True,flagged,not_attempted,not_found,matched,phase5_v1,17.7113956128308,67.7801243887217,,,,HD   6840,**,,0.031944072713433656,not_found,,,no_external_match,"SIMBAD: HD   6840 otype=** (0.0"")",phase5c_v1,False
22,target,63790159,gam Tri,TIC 63790159,1806.048041384886,640.2730941772461,5.3040847278898875,0.0666652750842331,0.0349918506253743,0.0333326375366596,0.0333326375475735,1.000000000327425,-0.5168262145763645,1.885261353072491,0.7438713321428168,717,False,False,phase3_v1,14756,0.9214674,0.2405434911050475,0.6099919554404308,phase4_v1,False,False,False,False,True,True,True,flagged,not_attempted,not_found,matched,phase5_v1,34.32883333333333,33.84711111111111,,,,* gam Tri,PM*,,0.7257198156500323,not_found,,,no_external_match,"SIMBAD: * gam Tri otype=PM* (0.7"")",phase5c_v1,False
22,target,63790159,gam Tri,TIC 63790159,1807.4466200450972,571.2807178497314,5.082277267455524,0.0666650180282886,0.0261812940498202,0.0333325034371227,0.0333325145911658,1.000000334629622,-0.3279334493443162,1.3310996449844854,5.83261169919615,718,False,False,phase3_v1,14756,0.9214674,0.2432840263612662,0.6088700949385747,phase4_v1,False,False,False,False,False,True,True,flagged,not_attempted,not_found,matched,phase5_v1,34.32883333333333,33.84711111111111,,,,* gam Tri,PM*,,0.7257198156500323,not_found,,,no_external_match,"SIMBAD: * gam Tri otype=PM* (0.7"")",phase5c_v1,False
25,target,91529289,phi For,TIC 91529289,1387.8190765369666,636.9352340698242,5.253358787002111,0.0666678802681417,0.0360058689275319,0.0333339345434069,0.0333339457247348,1.000000335433786,-0.2272422328235773,0.8549279685536639,-11.426509796250455,709,False,False,phase3_v1,12894,0.9214674,0.2364011655411222,0.607827765805983,phase4_v1,False,False,False,False,True,True,True,flagged,not_attempted,not_found,matched,phase5_v1,37.007083333333334,-33.811027777777774,,,,* phi For,*,,0.058148682942431626,not_found,,,no_external_match,"SIMBAD: * phi For otype=* (0.1"")",phase5c_v1,False
26,control,417236897,TIC 417236897,TIC 417236897,1966.2240860970317,1610.398292541504,5.218611494713244,0.0666654188098618,0.0363618390565534,0.033332709394017,0.0333327094158448,1.0000000006548484,-0.0411439390566424,1.2914112395386343,-11.8234378712732,701,False,False,phase3_v1,18197,0.9214674,0.2348375173013868,0.6068548335872002,phase4_v1,False,False,False,False,True,True,True,flagged,not_attempted,not_found,matched,phase5_v1,17.7113956128308,67.7801243887217,,,,HD   6840,**,,0.031944072713433656,not_found,,,no_external_match,"SIMBAD: HD   6840 otype=** (0.0"")",phase5c_v1,False
26,control,417236897,TIC 417236897,TIC 417236897,1963.5158064252753,989.1390800476074,4.156395898074303,0.0999978768013534,0.0551987494509376,0.0333326255749852,0.0666652512263681,2.0000000022919755,-0.2644335113295226,0.7653912187471388,2.7646407004875755,707,False,False,phase3_v1,18197,0.9214674,0.2539494173020811,0.6038774376210885,phase4_v1,True,False,False,False,True,False,True,flagged,not_attempted,not_found,matched,phase5_v1,17.7113956128308,67.7801243887217,,,,HD   6840,**,,0.031944072713433656,not_found,,,no_external_match,"SIMBAD: HD   6840 otype=** (0.0"")",phase5c_v1,False
10,control,196613658,TIC 196613658,TIC 196613658,1768.505731808765,849.9026298522949,5.094048590771595,0.066668034711256,0.0339302220763784,0.033334011770421,0.0333340229408349,1.0000003351055973,-0.1061712801078531,0.7689083678006363,0.234893256778264,694,False,False,phase3_v1,13066,0.9214674,0.2298194398330033,0.6036019735604302,phase4_v1,False,False,False,False,True,True,True,flagged,not_attempted,not_found,matched,phase5_v1,17.0035398013815,43.9420877213532,,,,*  41 And,PM*,,0.03491445424914062,not_found,,,no_external_match,"SIMBAD: *  41 And otype=PM* (0.0"")",phase5c_v1,False
26,control,417236897,TIC 417236897,TIC 417236897,1967.162958368801,1267.7311897277832,4.236782032872918,0.099998295880141,0.0556796205837599,0.0333327652951993,0.0666655305849417,1.999999999836288,-0.1999502691665122,0.7475556061442172,-7.091036774491613,697,False,False,phase3_v1,18197,0.9214674,0.2506551914694586,0.6033636086360257,phase4_v1,True,False,False,False,True,False,True,flagged,not_attempted,not_found,matched,phase5_v1,17.7113956128308,67.7801243887217,,,,HD   6840,**,,0.031944072713433656,not_found,,,no_external_match,"SIMBAD: HD   6840 otype=** (0.0"")",phase5c_v1,False
26,control,417236897,TIC 417236897,TIC 417236897,1963.1672027585653,997.6625442504884,4.13388001908431,0.0999978768013534,0.0555986770905292,0.0333326255749852,0.0666652512263681,2.0000000022919755,-0.1622076548086103,0.6945609314760581,2.7651454126548742,711,False,False,phase3_v1,18197,0.9214674,0.2529374645279496,0.603247497721536,phase4_v1,True,False,False,False,True,False,True,flagged,not_attempted,not_found,matched,phase5_v1,17.7113956128308,67.7801243887217,,,,HD   6840,**,,0.031944072713433656,not_found,,,no_external_match,"SIMBAD: HD   6840 otype=** (0.0"")",phase5c_v1,False
27,target,436840249,33 Ari,TIC 436840249,1791.3872609447012,2707.7198028564453,5.032150800049723,0.0666673202467791,0.0396905047655309,0.0333336545299971,0.0333336657167819,1.000000335600311,0.4277734151746038,1.2061861185433465,0.5795005147376742,499,False,False,phase3_v1,14739,0.92270243,0.2278955574251003,0.6028309468099233,phase4_v1,False,False,False,False,True,True,True,flagged,not_attempted,not_found,matched,phase5_v1,40.17133333333333,27.060861111111112,,,,*  33 Ari,PM*,,0.6580493206682974,not_found,,,no_external_match,"SIMBAD: *  33 Ari otype=PM* (0.7"")",phase5c_v1,False
5,control,266586474,TIC 266586474,TIC 266586474,1348.9067062502843,1106.9774627685547,5.054122406697327,1.266638968801999,0.6401008142347564,0.8333151183978771,0.4333238504041219,0.5199999866043782,-0.2840416585442545,1.6645698630343402,-8.071668979876904,248,False,False,phase3_v1,18136,0.9214674,0.2274355083013797,0.602249139107038,phase4_v1,False,False,False,False,True,False,True,flagged,not_attempted,not_found,matched,phase5_v1,319.484526648218,-32.1725471445341,,,,* eps Mic,PM*,,0.004034389859629958,not_found,,,no_external_match,"SIMBAD: * eps Mic otype=PM* (0.0"")",phase5c_v1,False
22,target,63790159,gam Tri,TIC 63790159,1811.0423519048695,539.7200584411621,4.921445469025439,0.1333290526235941,0.0865934846551681,0.0666645262790552,0.0666645263445389,1.0000000009822858,-0.4983987947712882,1.3832378550945617,3.003213965882651,721,False,False,phase3_v1,14756,0.9214674,0.2289730810797886,0.6015373988416828,phase4_v1,True,False,False,False,True,True,True,flagged,not_attempted,not_found,matched,phase5_v1,34.32883333333333,33.84711111111111,,,,* gam Tri,PM*,,0.7257198156500323,not_found,,,no_external_match,"SIMBAD: * gam Tri otype=PM* (0.7"")",phase5c_v1,False
26,control,417236897,TIC 417236897,TIC 417236897,1966.871296732584,1270.204782485962,4.099168780785964,0.099998295880141,0.0557882624689227,0.0333327652951993,0.0666655305849417,1.999999999836288,-0.1981083944202454,0.616870785638957,0.9047263580974914,700,False,False,phase3_v1,18197,0.9214674,0.2467244110207893,0.6004151639356884,phase4_v1,True,False,False,False,True,False,True,flagged,not_attempted,not_found,matched,phase5_v1,17.7113956128308,67.7801243887217,,,,HD   6840,**,,0.031944072713433656,not_found,,,no_external_match,"SIMBAD: HD   6840 otype=** (0.0"")",phase5c_v1,False
22,target,63790159,gam Tri,TIC 63790159,1805.7188817022732,645.1010704040527,4.87968816164117,0.0666652750842331,0.0352557065089058,0.0333326375366596,0.0333326375475735,1.000000000327425,-0.469285308264564,1.331250648425157,-23.512785677521833,711,False,False,phase3_v1,14756,0.9214674,0.2195859672934981,0.5973649802533239,phase4_v1,True,False,False,False,True,True,True,flagged,not_attempted,not_found,matched,phase5_v1,34.32883333333333,33.84711111111111,,,,* gam Tri,PM*,,0.7257198156500323,not_found,,,no_external_match,"SIMBAD: * gam Tri otype=PM* (0.7"")",phase5c_v1,False
5,control,266586474,TIC 266586474,TIC 266586474,1342.7637661987828,459.31339263916016,4.786027433265785,0.0666656229659565,0.0262494725102442,0.0333328058950428,0.0333328170709137,1.0000003352814322,-0.066538954276353,0.6445068434173438,-3.4904699205546876,721,False,False,phase3_v1,18136,0.9214674,0.2153712546138462,0.5947424878977093,phase4_v1,True,False,False,False,True,True,True,flagged,not_attempted,not_found,matched,phase5_v1,319.484526648218,-32.1725471445341,,,,* eps Mic,PM*,,0.004034389859629958,not_found,,,no_external_match,"SIMBAD: * eps Mic otype=PM* (0.0"")",phase5c_v1,False
13,control,380884414,TIC 380884414,TIC 380884414,2453.270218232855,1601.8152236938477,3.821687680829437,0.1000065248190367,0.0528376221482176,0.0333355082620983,0.0666710165569384,2.0000000009821903,0.1164701711637424,0.2155483907484323,2.2598828869977297,719,False,False,phase3_v1,13075,0.9214674,0.2376256529137504,0.5940008496933075,phase4_v1,True,False,False,False,True,False,True,flagged,not_attempted,not_found,matched,phase5_v1,16.21014426061,7.04594152889102,,,,HD   6374,PM*,,0.006391448595458142,not_found,,,no_external_match,"SIMBAD: HD   6374 otype=PM* (0.0"")",phase5c_v1,False
5,target,194503676,sig And,TIC 194503676,1778.0212415072124,578.9399147033691,4.666188566094137,0.0666659783837531,0.0412377601078333,0.0333329836012126,0.0333329947825404,1.000000335443355,-0.1708108057487135,0.3763821131248313,1.9417713312171827,537,False,False,phase3_v1,13096,0.9214674,0.2148329339288804,0.5933287709520065,phase4_v1,True,False,False,False,True,True,True,flagged,not_attempted,matched,matched,phase5_v1,4.581666666666666,36.78511111111111,NSV 118,,0.8312036119744395,* sig And,PM*,,0.8011781839582733,not_found,,,known_variable_match,"VSX: NSV 118 type= (0.8""); SIMBAD: * sig And otype=PM* (0.8"")",phase5c_v1,True
9,control,384986756,TIC 384986756,TIC 384986756,1791.6713561758236,828.2065391540527,3.726460875915424,0.0666686166532599,0.0406797373871086,0.0333343139118369,0.033334302741423,0.99999966489744,1.2208763942077432,2.1343816058210887,27.570764467169056,566,False,False,phase3_v1,14692,0.9214674,0.2366176505841167,0.5926453807123139,phase4_v1,True,False,False,True,False,True,True,flagged,not_attempted,matched,matched,phase5_v1,50.3606551307834,43.3296503903761,NSV 1107,,0.0782789100986548,* l Per,PM*,,0.016768767174662177,not_found,,,known_variable_match,"VSX: NSV 1107 type= (0.1""); SIMBAD: * l Per otype=PM* (0.0"")",phase5c_v1,True
12,control,444335503,TIC 444335503,TIC 444335503,2881.748017706199,17715.096473693848,16.480220209144925,1.1500019926388632,1.145790179292817,0.6166677390501718,0.5333342535886914,0.8648648531706302,-3.181189596760737,9.83085997963901,111.63388931938243,3759,True,False,phase3_v1,107878,0.92270243,0.4499999999999999,0.5913512158393859,phase4_v1,False,True,False,False,False,False,True,flagged,not_attempted,not_found,matched,phase5_v1,5.97161160524547,60.9613876577015,,,,HD   1917,SB*,,0.006966641036593609,not_found,,,no_external_match,"SIMBAD: HD   1917 otype=SB* (0.0"")",phase5c_v1,False
22,target,63790159,gam Tri,TIC 63790159,1806.9285770108104,472.4264144897461,4.287100047803924,0.0666650962539279,0.0287209173966402,0.0333325481242354,0.0333325481296924,1.0000000001637128,-0.1801527583819681,0.7491819541413043,9.714425912778438,720,False,False,phase3_v1,14756,0.9214674,0.2172055669429454,0.5904869389747304,phase4_v1,True,False,False,False,False,True,True,flagged,not_attempted,not_found,matched,phase5_v1,34.32883333333333,33.84711111111111,,,,* gam Tri,PM*,,0.7257198156500323,not_found,,,no_external_match,"SIMBAD: * gam Tri otype=PM* (0.7"")",phase5c_v1,False
26,control,417236897,TIC 417236897,TIC 417236897,1971.5073462000037,942.230224609375,4.633789624426778,0.0666658491136331,0.0372733213680476,0.0333329273616982,0.0333329217519349,0.9999998317050508,0.0819216550158219,1.61150295017128,-3.189462739746432,711,False,False,phase3_v1,18197,0.9214674,0.208520533099205,0.5904798212034628,phase4_v1,True,False,False,True,True,True,True,flagged,not_attempted,not_found,matched,phase5_v1,17.7113956128308,67.7801243887217,,,,HD   6840,**,,0.031944072713433656,not_found,,,no_external_match,"SIMBAD: HD   6840 otype=** (0.0"")",phase5c_v1,False
22,target,63790159,gam Tri,TIC 63790159,1811.411784583633,530.0641059875488,4.62827648458747,0.1333290526235941,0.0854692014727334,0.0666645262790552,0.0666645263445389,1.0000000009822858,-0.4924655778051806,0.7857740872767698,-102.55304077602136,721,False,False,phase3_v1,14756,0.9214674,0.2082724418653733,0.590325453311537,phase4_v1,True,False,False,False,True,True,True,flagged,not_attempted,not_found,matched,phase5_v1,34.32883333333333,33.84711111111111,,,,* gam Tri,PM*,,0.7257198156500323,not_found,,,no_external_match,"SIMBAD: * gam Tri otype=PM* (0.7"")",phase5c_v1,False
6,control,240644651,TIC 240644651,TIC 240644651,1781.973569941371,1579.3442726135254,4.619276726247439,0.0666663136598799,0.0438054917358385,0.0333331624151469,0.033333151244733,0.999999664885864,-0.1917519820872544,1.0283138573167596,0.0124531081860368,704,False,False,phase3_v1,13065,0.9214674,0.2078985854515998,0.5900859131626273,phase4_v1,True,False,False,False,True,True,True,flagged,not_attempted,not_found,matched,phase5_v1,8.62379657702518,47.9155420313053,,,,HD   3079,PM*,,0.004108399921061345,not_found,,,no_external_match,"SIMBAD: HD   3079 otype=PM* (0.0"")",phase5c_v1,False
22,control,234309613,TIC 234309613,TIC 234309613,1347.6699430554995,415.8914089202881,4.618507629291407,0.066666841157712,0.027325418222972,0.0333334205843129,0.033333420573399,0.9999999996725828,-0.5522957939982479,1.1952048280629013,-4.315177698602952,534,False,False,phase3_v1,18270,0.9214674,0.2078328433181133,0.5900519253396723,phase4_v1,True,False,False,False,True,True,True,flagged,not_attempted,not_found,matched,phase5_v1,35.4372525532317,-68.6594136153249,,,,* del Hyi,PM*,,0.02030222880476801,not_found,,,no_external_match,"SIMBAD: * del Hyi otype=PM* (0.0"")",phase5c_v1,False
9,target,155996406,HD 2834,TIC 155996406,1359.8677555228926,414.0138626098633,4.419823410683425,0.0666670091995911,0.0351044741491932,0.0333334990064031,0.0333335101931879,1.000000335601877,-0.036742665603382,0.5414289856221615,5.252823655454108,717,False,False,phase3_v1,18298,0.9214674,0.212024132755502,0.5897415989285479,phase4_v1,True,False,False,False,False,True,True,flagged,not_attempted,not_found,matched,phase5_v1,7.854083333333335,-48.8035,,,,* lam01 Phe,PM*,,0.05234102603826428,not_found,,,no_external_match,"SIMBAD: * lam01 Phe otype=PM* (0.1"")",phase5c_v1,False
10,target,469974193,bet03 Tuc,TIC 469974193,1351.7043955908766,475.1384258270264,3.748137392239581,0.0999998035258613,0.0642935133673745,0.0333332696991419,0.0666665338267193,1.9999998328527449,-0.0130559597633176,0.1557895432235558,-3.958460273941227,698,False,False,phase3_v1,18270,0.9214674,0.2286661726219458,0.5896815546906871,phase4_v1,True,False,False,False,True,False,True,flagged,not_attempted,not_found,matched,phase5_v1,8.183458333333332,-63.03161111111111,,,,* bet03 Tuc,**,,0.9365279702657712,not_found,,,no_external_match,"SIMBAD: * bet03 Tuc otype=** (0.9"")",phase5c_v1,False
19,control,352180433,TIC 352180433,TIC 352180433,1771.8961859471196,384.92679595947266,4.551579231661287,0.0666664030668471,0.0281896024753223,0.0333332071240874,0.0333331959427596,0.999999664558894,-0.1830203086000239,0.4200917416631888,0.5914566613555508,719,False,False,phase3_v1,13088,0.9214674,0.2062997070781468,0.5887693868673846,phase4_v1,True,False,False,False,True,True,True,flagged,not_attempted,matched,matched,phase5_v1,4.27285790560034,38.6816441666123,NSV 116,,0.17533629924296068,* tet And,**,,0.19518468100616418,not_found,,,known_variable_match,"VSX: NSV 116 type= (0.2""); SIMBAD: * tet And otype=** (0.2"")",phase5c_v1,True
14,control,57920096,TIC 57920096,TIC 57920096,1778.8283471143625,888.7052536010742,4.515786809068717,0.0666654419092083,0.0421158192693837,0.0333327153693971,0.0333327265398111,1.0000003351186306,0.2135013545895638,1.398816236061826,-3.745894110231802,713,False,False,phase3_v1,13030,0.9214674,0.2032104265152101,0.5871757504162842,phase4_v1,True,False,False,False,True,True,True,flagged,not_attempted,not_found,matched,phase5_v1,4.65940729246549,31.51723037944,,,,HD   1439,PM*,,0.008616256914911314,not_found,,,no_external_match,"SIMBAD: HD   1439 otype=PM* (0.0"")",phase5c_v1,False
24,target,381003375,HD 15115,TIC 381003375,1430.4110312935995,1275.9268283843994,3.647003395487683,0.0999981268560077,0.0647333052729663,0.0333327052139793,0.0666654216420283,2.0000003364284296,-0.0754193568801635,0.1951560015535789,-99.23885319156808,714,False,False,phase3_v1,14848,0.9214674,0.2241151729826515,0.5868498148674504,phase4_v1,True,False,False,False,True,False,True,flagged,not_attempted,not_found,matched,phase5_v1,36.56804166666667,6.2924444444444445,,,,HD  15115,PM*,,1.3137424508232087,not_found,,,no_external_match,"SIMBAD: HD  15115 otype=PM* (1.3"")",phase5c_v1,False
11,control,461597067,TIC 461597067,TIC 461597067,1805.9477656845731,1044.8098182678225,4.486112131612687,0.1000014721466868,0.059288885044225,0.0666676499567984,0.0333338221898884,0.4999999581729555,-0.1302132316422566,1.0335167407452035,-3.737100316831515,718,False,False,phase3_v1,14811,0.9214674,0.2018750459225709,0.5863448514046682,phase4_v1,True,False,False,False,True,False,True,flagged,not_attempted,not_found,matched,phase5_v1,9.56074632591123,84.674980617209,,,,HD   3161,*,,0.002245246230424759,not_found,,,no_external_match,"SIMBAD: HD   3161 otype=* (0.0"")",phase5c_v1,False
22,control,234309613,TIC 234309613,TIC 234309613,1348.3380001753526,484.6453666687012,4.4769668288197515,0.0666668076300993,0.0468824607942224,0.0333334038041357,0.0333334038259636,1.0000000006548349,-0.139507366495239,0.9731907548011688,-5.164101139430613,313,False,False,phase3_v1,18270,0.9214674,0.2014635073361789,0.586088782942182,phase4_v1,True,False,False,False,True,True,True,flagged,not_attempted,not_found,matched,phase5_v1,35.4372525532317,-68.6594136153249,,,,* del Hyi,PM*,,0.02030222880476801,not_found,,,no_external_match,"SIMBAD: * del Hyi otype=PM* (0.0"")",phase5c_v1,False
19,target,229142326,HD 10939,TIC 229142326,1379.593257079384,482.6784133911133,4.3626407110554855,0.0666663608790258,0.0432431156095844,0.0333331804395129,0.0333331804395129,1.0,0.033291081407583,0.4826736752404557,2.5797648447299935,713,False,False,phase3_v1,18295,0.9214674,0.2027682441093218,0.5854674164737965,phase4_v1,True,False,False,False,True,True,True,flagged,not_attempted,not_found,matched,phase5_v1,26.526666666666667,-53.52186111111111,,,,* q02 Eri,PM*,,1.3739245336483723,not_found,,,no_external_match,"SIMBAD: * q02 Eri otype=PM* (1.4"")",phase5c_v1,False
24,control,440042075,TIC 440042075,TIC 440042075,1786.0359559026317,1394.2718505859375,4.31202182172083,0.0999983137844537,0.0539473961089242,0.0666655425193312,0.0333327712651225,0.5000000000818559,-0.1302284870927501,0.816409641683725,3.6214807121752983,709,False,False,phase3_v1,13096,0.9214674,0.2030946837578755,0.5850918034398715,phase4_v1,True,False,False,False,True,False,True,flagged,not_attempted,not_found,matched,phase5_v1,3.20017708980093,46.095403549577,,,,HD    818,PM*,,0.002012145382295509,not_found,,,no_external_match,"SIMBAD: HD    818 otype=PM* (0.0"")",phase5c_v1,False
11,control,461597067,TIC 461597067,TIC 461597067,1805.6199831341785,1023.1733322143556,4.360123659263881,0.1000014721466868,0.058339018101833,0.0666676499567984,0.0333338221898884,0.4999999581729555,-0.2506138015744734,0.8066843471273377,-30.63038045381927,714,False,False,phase3_v1,14811,0.9214674,0.1962055646668746,0.5828171741789017,phase4_v1,True,False,False,False,True,False,True,flagged,not_attempted,not_found,matched,phase5_v1,9.56074632591123,84.674980617209,,,,HD   3161,*,,0.002245246230424759,not_found,,,no_external_match,"SIMBAD: HD   3161 otype=* (0.0"")",phase5c_v1,False
22,target,63790159,gam Tri,TIC 63790159,1807.7410571224584,588.7746810913086,4.222192472819904,0.0666650180282886,0.026983027028109,0.0333325034371227,0.0333325145911658,1.000000334629622,0.0517876681594702,0.7814921391725398,3.77232211674243,693,False,False,phase3_v1,14756,0.9214674,0.1994294866465291,0.5827274311063236,phase4_v1,True,False,False,False,True,True,True,flagged,not_attempted,not_found,matched,phase5_v1,34.32883333333333,33.84711111111111,,,,* gam Tri,PM*,,0.7257198156500323,not_found,,,no_external_match,"SIMBAD: * gam Tri otype=PM* (0.7"")",phase5c_v1,False
15,control,67786245,TIC 67786245,TIC 67786245,2456.3224200383424,939.100980758667,4.3499546299359375,0.0666729708827915,0.0332550786952197,0.0333364847538177,0.0333364861289737,1.0000000412507797,-0.4395924292507858,0.8043026814227971,0.0904625239952565,540,False,False,phase3_v1,13077,0.9214674,0.1959741171321521,0.5826229048717332,phase4_v1,True,False,False,False,True,True,True,flagged,not_attempted,not_found,matched,phase5_v1,56.1175150188725,20.9287361149159,,,,HD  23258,*,,0.0030308139428609398,not_found,,,no_external_match,"SIMBAD: HD  23258 otype=* (0.0"")",phase5c_v1,False
10,target,469974193,bet03 Tuc,TIC 469974193,1337.1529435120635,505.298376083374,4.346632773441913,0.0666674054573377,0.0324877183466014,0.0333337055035372,0.0333336999538005,0.9999998335097589,-0.1706792910937674,0.49949834616742,-3.4040206469219356,710,False,False,phase3_v1,18270,0.9214674,0.1955984748048861,0.5824394293758866,phase4_v1,True,False,False,False,True,True,True,flagged,not_attempted,not_found,matched,phase5_v1,8.183458333333332,-63.03161111111111,,,,* bet03 Tuc,**,,0.9365279702657712,not_found,,,no_external_match,"SIMBAD: * bet03 Tuc otype=** (0.9"")",phase5c_v1,False
10,control,196613658,TIC 196613658,TIC 196613658,1768.1223907148324,858.2472801208496,4.241044736115063,0.066668034711256,0.0342633612272038,0.033334011770421,0.0333340229408349,1.0000003351055973,-0.1261184835823409,0.2553306770667083,2.196268917336056,701,False,False,phase3_v1,13066,0.9214674,0.1963377055248538,0.5816792412906051,phase4_v1,True,False,False,False,True,True,True,flagged,not_attempted,not_found,matched,phase5_v1,17.0035398013815,43.9420877213532,,,,*  41 And,PM*,,0.03491445424914062,not_found,,,no_external_match,"SIMBAD: *  41 And otype=PM* (0.0"")",phase5c_v1,False
15,control,67786245,TIC 67786245,TIC 67786245,2456.040448960059,941.2765502929688,4.31237168973862,0.0666729708827915,0.0333321191137656,0.0333364847538177,0.0333364861289737,1.0000000412507797,-0.2639357626152151,0.6102706500094044,0.174073861760462,719,False,False,phase3_v1,13077,0.9214674,0.1944919131676858,0.5816541938839734,phase4_v1,True,False,False,False,True,True,True,flagged,not_attempted,not_found,matched,phase5_v1,56.1175150188725,20.9287361149159,,,,HD  23258,*,,0.0030308139428609398,not_found,,,no_external_match,"SIMBAD: HD  23258 otype=* (0.0"")",phase5c_v1,False
4,control,257502302,TIC 257502302,TIC 257502302,2464.453534300246,2230.823040008545,4.269987424717613,0.0666683790295792,0.04145861336292,0.0333341895311605,0.0333341894984187,0.9999999990177708,-0.2418993103924127,0.6528005464076125,0.0966729961438659,719,False,False,phase3_v1,11275,0.92270243,0.1923911166026522,0.5810075367276231,phase4_v1,True,False,False,False,True,True,True,flagged,not_attempted,matched,matched,phase5_v1,0.696563997766192,2.13015199433585,NSV 3,CST,1.6013439029296077,HD 225028B,PM*,,0.010218910957018783,not_found,,,known_variable_match,"VSX: NSV 3 type=CST (1.6""); SIMBAD: HD 225028B otype=PM* (0.0"")",phase5c_v1,True
15,control,67786245,TIC 67786245,TIC 67786245,2450.7163237339178,921.9050407409668,4.289617013496915,0.0666732551908353,0.0559923372275079,0.0333366272461717,0.0333366279446636,1.0000000209526874,-0.1266451514445684,0.7546290644646572,-20.294384748459834,719,False,False,phase3_v1,13077,0.9214674,0.1930327668645224,0.580842988600291,phase4_v1,True,False,False,False,True,True,True,flagged,not_attempted,not_found,matched,phase5_v1,56.1175150188725,20.9287361149159,,,,HD  23258,*,,0.0030308139428609398,not_found,,,no_external_match,"SIMBAD: HD  23258 otype=* (0.0"")",phase5c_v1,False
26,control,417236897,TIC 417236897,TIC 417236897,1975.5489685511957,927.0012378692628,4.283388132609125,0.066666044658632,0.0322270979213499,0.0333330223347729,0.033333022323859,0.9999999996725788,0.2617517952320395,1.0348592508878776,-66.2163766701699,714,False,False,phase3_v1,18197,0.9214674,0.1927524659674106,0.5806685794325684,phase4_v1,True,False,False,True,True,True,True,flagged,not_attempted,not_found,matched,phase5_v1,17.7113956128308,67.7801243887217,,,,HD   6840,**,,0.031944072713433656,not_found,,,no_external_match,"SIMBAD: HD   6840 otype=** (0.0"")",phase5c_v1,False
16,control,346923890,TIC 346923890,TIC 346923890,2465.1549634727444,1451.3134956359863,4.26354504218474,0.0111118211716529,0.0054853896181157,0.0055559105749125,0.0055559105967404,1.000000003928766,0.389836573084747,1.2871194508426376,0.4310741603731003,4312,False,False,phase3_v1,75071,0.9214674,0.192937212534972,0.5805440471553491,phase4_v1,True,False,False,False,True,True,True,flagged,not_attempted,not_found,matched,phase5_v1,24.4203303046357,12.0783809490683,,,,1RXS J013741.1+120443,X,,0.0035776790292068195,not_found,,,no_external_match,"SIMBAD: 1RXS J013741.1+120443 otype=X (0.0"")",phase5c_v1,False
10,control,196613658,TIC 196613658,TIC 196613658,1782.5447803835657,623.9414215087891,4.175380999527498,0.0666666601282486,0.0275787747577851,0.0333333300586673,0.0333333300695812,1.000000000327418,-0.3091704084476714,0.5233101281570884,2.889679986498436,712,False,False,phase3_v1,13066,0.9214674,0.1951163449646286,0.5805340597006394,phase4_v1,True,False,False,False,True,True,True,flagged,not_attempted,not_found,matched,phase5_v1,17.0035398013815,43.9420877213532,,,,*  41 And,PM*,,0.03491445424914062,not_found,,,no_external_match,"SIMBAD: *  41 And otype=PM* (0.0"")",phase5c_v1,False
26,control,417236897,TIC 417236897,TIC 417236897,1964.3185675047396,1126.5575885772705,4.2149818480698915,0.066665307029325,0.044042676774552,0.0333326535146625,0.0333326535146625,1.0,-0.2054386588711781,0.7272190901789646,1.3346707613250146,708,False,False,phase3_v1,18197,0.9214674,0.1930108600664576,0.5800878742267949,phase4_v1,True,False,False,False,True,True,True,flagged,not_attempted,not_found,matched,phase5_v1,17.7113956128308,67.7801243887217,,,,HD   6840,**,,0.031944072713433656,not_found,,,no_external_match,"SIMBAD: HD   6840 otype=** (0.0"")",phase5c_v1,False
6,control,240644651,TIC 240644651,TIC 240644651,1782.4527341584387,1546.1444854736328,4.2590774831603895,0.0666663136598799,0.0428846456434257,0.0333331624151469,0.033333151244733,0.999999664885864,-0.2810982569319951,0.8528382205699563,-1.7795188917850735,714,False,False,phase3_v1,13065,0.9214674,0.1916584867422175,0.5799878812480038,phase4_v1,True,False,False,False,True,True,True,flagged,not_attempted,not_found,matched,phase5_v1,8.62379657702518,47.9155420313053,,,,HD   3079,PM*,,0.004108399921061345,not_found,,,no_external_match,"SIMBAD: HD   3079 otype=PM* (0.0"")",phase5c_v1,False
5,control,266586474,TIC 266586474,TIC 266586474,1349.530303545696,534.743070602417,4.25690738560976,0.0999977583196596,0.0460003783737192,0.0666651759420347,0.0333325823776249,0.4999999160972376,-0.1699353474046332,1.1121537699863078,-53.6235615398283,536,False,False,phase3_v1,18136,0.9214674,0.1915608323524392,0.5799271185165863,phase4_v1,True,False,False,False,True,False,True,flagged,not_attempted,not_found,matched,phase5_v1,319.484526648218,-32.1725471445341,,,,* eps Mic,PM*,,0.004034389859629958,not_found,,,no_external_match,"SIMBAD: * eps Mic otype=PM* (0.0"")",phase5c_v1,False
6,control,240644651,TIC 240644651,TIC 240644651,1765.5331700449426,1710.7725143432615,4.186685505730371,0.0666679452988319,0.0439221832111798,0.0333339670614805,0.0333339782373514,1.0000003352697528,-0.1040192875988959,0.380297732210141,1.8964479489108044,673,False,False,phase3_v1,13065,0.9214674,0.1931419877463288,0.5798573618753482,phase4_v1,True,False,False,False,True,True,True,flagged,not_attempted,not_found,matched,phase5_v1,8.62379657702518,47.9155420313053,,,,HD   3079,PM*,,0.004108399921061345,not_found,,,no_external_match,"SIMBAD: HD   3079 otype=PM* (0.0"")",phase5c_v1,False
4,control,257502302,TIC 257502302,TIC 257502302,2452.2405813133987,2355.9927940368652,4.227478989904286,0.0666696083644637,0.0390201834015897,0.0333348041822318,0.0333348041822318,1.0,-0.1462214092843412,0.297125689183324,-0.1421733945834375,718,False,False,phase3_v1,11275,0.92270243,0.1902365545456928,0.5797206275567061,phase4_v1,True,False,False,False,True,True,True,flagged,not_attempted,matched,matched,phase5_v1,0.696563997766192,2.13015199433585,NSV 3,CST,1.6013439029296077,HD 225028B,PM*,,0.010218910957018783,not_found,,,known_variable_match,"VSX: NSV 3 type=CST (1.6""); SIMBAD: HD 225028B otype=PM* (0.0"")",phase5c_v1,True
24,control,440042075,TIC 440042075,TIC 440042075,1769.1874280968952,1280.1289558410645,4.154894031630241,0.0666669841793918,0.0311212189426441,0.033333486499032,0.0333334976803598,1.0000003354382945,0.3589784740748519,1.4205590681775622,1.624624144642894,704,False,False,phase3_v1,13096,0.9214674,0.1910318119112657,0.5786953768003217,phase4_v1,True,False,False,False,True,True,True,flagged,not_attempted,not_found,matched,phase5_v1,3.20017708980093,46.095403549577,,,,HD    818,PM*,,0.002012145382295509,not_found,,,no_external_match,"SIMBAD: HD    818 otype=PM* (0.0"")",phase5c_v1,False
9,control,384986756,TIC 384986756,TIC 384986756,1799.11178722099,463.3069038391113,4.108790496404056,0.0666675661541376,0.0318197651758964,0.0333337886677327,0.0333337774864048,0.999999664564746,0.1736890144684191,1.2806860105959528,1.7647608410301243,710,False,False,phase3_v1,14692,0.9214674,0.1893074744407578,0.5775446064598566,phase4_v1,True,False,False,True,True,True,True,flagged,not_attempted,matched,matched,phase5_v1,50.3606551307834,43.3296503903761,NSV 1107,,0.0782789100986548,* l Per,PM*,,0.016768767174662177,not_found,,,known_variable_match,"VSX: NSV 1107 type= (0.1""); SIMBAD: * l Per otype=PM* (0.0"")",phase5c_v1,True
10,control,196613658,TIC 196613658,TIC 196613658,1786.073937166441,588.834285736084,4.077903435048522,0.066666313638052,0.0380431612047686,0.0333331512229051,0.0333331624151469,1.0000003357690883,-0.1730110844684765,0.920075308635048,2.528275289709086,709,False,False,phase3_v1,13066,0.9214674,0.1898263629476015,0.5774432912490388,phase4_v1,True,False,False,False,True,True,True,flagged,not_attempted,not_found,matched,phase5_v1,17.0035398013815,43.9420877213532,,,,*  41 And,PM*,,0.03491445424914062,not_found,,,no_external_match,"SIMBAD: *  41 And otype=PM* (0.0"")",phase5c_v1,False
10,control,196613658,TIC 196613658,TIC 196613658,1781.973946843891,584.3043327331543,4.145475181911638,0.0666667159748612,0.0327227537927683,0.03333336358628,0.0333333523885812,0.9999996640693418,-0.3539866014904363,0.6922631966808348,-8.69904139494156,702,False,False,phase3_v1,13066,0.9214674,0.1865463831860237,0.5768070168130388,phase4_v1,True,False,False,False,True,True,True,flagged,not_attempted,not_found,matched,phase5_v1,17.0035398013815,43.9420877213532,,,,*  41 And,PM*,,0.03491445424914062,not_found,,,no_external_match,"SIMBAD: *  41 And otype=PM* (0.0"")",phase5c_v1,False
22,target,63790159,gam Tri,TIC 63790159,1810.0826591269824,470.4594612121582,3.9685095524031055,0.0666646827412478,0.0386318067285174,0.0333323357881454,0.0333323469531023,1.000000334958733,-0.2836460458606381,0.929460005616964,4.706649603228698,716,False,False,phase3_v1,14756,0.9214674,0.1903495739637354,0.5765586368290383,phase4_v1,True,False,False,False,True,True,True,flagged,not_attempted,not_found,matched,phase5_v1,34.32883333333333,33.84711111111111,,,,* gam Tri,PM*,,0.7257198156500323,not_found,,,no_external_match,"SIMBAD: * gam Tri otype=PM* (0.7"")",phase5c_v1,False
5,target,194503676,sig And,TIC 194503676,1767.6851791843733,603.2586097717285,4.104943461613121,0.0666667383047752,0.0418580922651017,0.0333333635644521,0.033333374740323,1.0000003352758229,-0.3187103591782507,0.6302659435126499,0.7331614236727546,714,False,False,phase3_v1,13096,0.9214674,0.1865553794483217,0.5764052981149728,phase4_v1,True,False,False,False,True,True,True,flagged,not_attempted,matched,matched,phase5_v1,4.581666666666666,36.78511111111111,NSV 118,,0.8312036119744395,* sig And,PM*,,0.8011781839582733,not_found,,,known_variable_match,"VSX: NSV 118 type= (0.8""); SIMBAD: * sig And otype=PM* (0.8"")",phase5c_v1,True
11,control,461597067,TIC 461597067,TIC 461597067,1805.1435871339384,1080.4235935211182,4.130458362044764,0.1000014721466868,0.060852371259898,0.0666676499567984,0.0333338221898884,0.4999999581729555,-0.160806324049517,0.7594003745789926,-9.522414018546442,710,False,False,phase3_v1,14811,0.9214674,0.1858706262920143,0.5763865458567663,phase4_v1,True,False,False,False,True,False,True,flagged,not_attempted,not_found,matched,phase5_v1,9.56074632591123,84.674980617209,,,,HD   3161,*,,0.002245246230424759,not_found,,,no_external_match,"SIMBAD: HD   3161 otype=* (0.0"")",phase5c_v1,False
5,target,194503676,sig And,TIC 194503676,1768.9240682178208,469.6846008300781,3.109998352648081,0.0999999007090082,0.054418028850705,0.0333332965146837,0.0666666041943244,2.0000003349490787,-0.0439932339305064,0.1330410765731655,2.3991412624222903,701,False,False,phase3_v1,13096,0.9214674,0.2059477991221641,0.5742128148948594,phase4_v1,True,False,False,False,True,False,True,flagged,not_attempted,matched,matched,phase5_v1,4.581666666666666,36.78511111111111,NSV 118,,0.8312036119744395,* sig And,PM*,,0.8011781839582733,not_found,,,known_variable_match,"VSX: NSV 118 type= (0.8""); SIMBAD: * sig And otype=PM* (0.8"")",phase5c_v1,True
19,target,229142326,HD 10939,TIC 229142326,1375.5029901267524,463.1280899047851,4.043821914454587,0.066666623490164,0.0292524822034465,0.0333333145281358,0.0333333089620282,0.9999998330166784,-0.1740380365043431,0.1926279875220942,0.0435157005346127,708,False,False,phase3_v1,18295,0.9214674,0.1820807754017929,0.5740042410247761,phase4_v1,True,False,False,False,True,True,True,flagged,not_attempted,not_found,matched,phase5_v1,26.526666666666667,-53.52186111111111,,,,* q02 Eri,PM*,,1.3739245336483723,not_found,,,no_external_match,"SIMBAD: * q02 Eri otype=PM* (1.4"")",phase5c_v1,False
16,control,346923890,TIC 346923890,TIC 346923890,2463.1814546586497,1447.3795890808103,4.039126784801519,0.0111118658751365,0.004803813088074,0.0055559329375682,0.0055559329375682,1.0,0.2127104129783817,0.7106213610814764,-3.4461468611461896,4309,False,False,phase3_v1,75071,0.9214674,0.1817607053160684,0.5738292616939554,phase4_v1,True,False,False,False,True,True,True,flagged,not_attempted,not_found,matched,phase5_v1,24.4203303046357,12.0783809490683,,,,1RXS J013741.1+120443,X,,0.0035776790292068195,not_found,,,no_external_match,"SIMBAD: 1RXS J013741.1+120443 otype=X (0.0"")",phase5c_v1,False
11,control,461597067,TIC 461597067,TIC 461597067,1806.247769971812,1008.152961730957,4.028367480857038,0.0666676388136693,0.0417343284334492,0.0333338166237808,0.0333338221898884,1.0000001669808063,-0.0802148136996521,0.8410640937775864,-166.42761451172782,719,False,False,phase3_v1,14811,0.9214674,0.1812765466574151,0.5735280051910494,phase4_v1,True,False,False,False,True,True,True,flagged,not_attempted,not_found,matched,phase5_v1,9.56074632591123,84.674980617209,,,,HD   3161,*,,0.002245246230424759,not_found,,,no_external_match,"SIMBAD: HD   3161 otype=* (0.0"")",phase5c_v1,False
7,target,37748347,HD 1461,TIC 37748347,1394.5249385434895,705.8382034301758,3.919195080334564,0.0666657344791019,0.0431808177690982,0.0333328728356718,0.03333286164343,0.9999996642281074,-0.1751584093321919,0.1475766035339436,2.599502560415658,425,False,False,phase3_v1,12976,0.9214674,0.1828625350160945,0.5730706765292963,phase4_v1,True,False,False,False,True,True,True,flagged,not_attempted,not_found,matched,phase5_v1,4.675708333333334,-8.053444444444445,,,,HD   1461,PM*,,4.765410122195232,not_found,,,no_external_match,"SIMBAD: HD   1461 otype=PM* (4.8"")",phase5c_v1,False
14,control,57920096,TIC 57920096,TIC 57920096,1778.2353017854798,953.67431640625,4.008860383218991,0.0666655983823147,0.0307041185242269,0.0333327935950364,0.0333328047872782,1.000000335772691,0.1631202599427806,0.7913128503651774,-9.800917909495295,690,False,False,phase3_v1,13030,0.9214674,0.180398737391216,0.5729818105081893,phase4_v1,True,False,False,False,True,True,True,flagged,not_attempted,not_found,matched,phase5_v1,4.65940729246549,31.51723037944,,,,HD   1439,PM*,,0.008616256914911314,not_found,,,no_external_match,"SIMBAD: HD   1439 otype=PM* (0.0"")",phase5c_v1,False
18,control,303241443,TIC 303241443,TIC 303241443,2867.242189679869,1646.4591026306152,3.997309214550953,0.0999985576454491,0.0650346498186991,0.0666656976500235,0.0333328599954256,0.5000001675586444,-0.1573655683646671,0.5524768462846241,-5.294171429728863,565,False,False,phase3_v1,17987,0.9214674,0.1798789146547929,0.5726583697269396,phase4_v1,True,False,False,False,True,False,True,flagged,not_attempted,not_found,matched,phase5_v1,5.48888470273016,16.8769418728228,,,,HD   1764,PM*,,0.0020425594431910474,not_found,,,no_external_match,"SIMBAD: HD   1764 otype=PM* (0.0"")",phase5c_v1,False
5,control,266586474,TIC 266586474,TIC 266586474,1351.4288706658683,497.57957458496094,3.96664238119804,0.0666650753537396,0.0330993132647563,0.0333325376741413,0.0333325376795983,1.000000000163713,-0.0619975504301215,0.3532939700842004,0.6241056547328299,704,False,False,phase3_v1,18136,0.9214674,0.1800591713005666,0.57242380405172,phase4_v1,True,False,False,False,True,True,True,flagged,not_attempted,not_found,matched,phase5_v1,319.484526648218,-32.1725471445341,,,,* eps Mic,PM*,,0.004034389859629958,not_found,,,no_external_match,"SIMBAD: * eps Mic otype=PM* (0.0"")",phase5c_v1,False
15,control,67786245,TIC 67786245,TIC 67786245,2466.240035937108,910.9973907470704,3.9680203109469905,0.066672854933131,0.0345539627705875,0.0333364274774794,0.0333364274556515,0.9999999993452244,-0.0744448869851437,0.0876242589545857,0.3716236059374296,719,False,False,phase3_v1,13077,0.9214674,0.1794899730074581,0.5722099040319661,phase4_v1,True,False,False,False,True,True,True,flagged,not_attempted,not_found,matched,phase5_v1,56.1175150188725,20.9287361149159,,,,HD  23258,*,,0.0030308139428609398,not_found,,,no_external_match,"SIMBAD: HD  23258 otype=* (0.0"")",phase5c_v1,False
26,control,417236897,TIC 417236897,TIC 417236897,1967.6810053351323,1192.271709442139,3.83945323329833,0.0666655920522316,0.0367549646944098,0.033332798817355,0.0333327932348765,0.99999983252296,-0.1836598838054318,0.4625490309053712,3.782080485495726,701,False,False,phase3_v1,18197,0.9214674,0.1822305967121641,0.572020482737362,phase4_v1,True,False,False,False,True,True,True,flagged,not_attempted,not_found,matched,phase5_v1,17.7113956128308,67.7801243887217,,,,HD   6840,**,,0.031944072713433656,not_found,,,no_external_match,"SIMBAD: HD   6840 otype=** (0.0"")",phase5c_v1,False
27,control,331940649,TIC 331940649,TIC 331940649,1894.8692781314144,2730.7868003845215,3.946085320574666,0.0666651513474789,0.0326379697999072,0.0333325812534894,0.0333325700939894,0.9999996652074464,0.1446686541767554,0.2963763460747364,-51.89526653123414,717,False,False,phase3_v1,18647,0.92270243,0.1775738394258599,0.5718416048154766,phase4_v1,True,False,False,True,True,True,True,flagged,not_attempted,not_found,matched,phase5_v1,148.026656,54.06437,,,,* phi UMa,**,,0.402704820452806,not_found,,,no_external_match,"SIMBAD: * phi UMa otype=** (0.4"")",phase5c_v1,False
9,control,384986756,TIC 384986756,TIC 384986756,1807.9007587811873,444.82946395874023,3.839606817676453,0.0666667279911052,0.0368564830041577,0.0333333640010096,0.0333333639900956,0.9999999996725822,0.0052022778869147,0.3423336473135396,2.694093976145723,674,False,False,phase3_v1,14692,0.9214674,0.1795175417358047,0.5709367965905994,phase4_v1,True,False,False,True,True,True,True,flagged,not_attempted,matched,matched,phase5_v1,50.3606551307834,43.3296503903761,NSV 1107,,0.0782789100986548,* l Per,PM*,,0.016768767174662177,not_found,,,known_variable_match,"VSX: NSV 1107 type= (0.1""); SIMBAD: * l Per otype=PM* (0.0"")",phase5c_v1,True
18,control,303241443,TIC 303241443,TIC 303241443,2860.289501984354,1325.1900672912598,3.702704458134109,0.0666661558061605,0.0303149673818552,0.0333330834910157,0.0333330723151448,0.99999966472136,-0.0137967476348228,1.3505684384122605,6.286982432653986,571,False,False,phase3_v1,17987,0.9214674,0.1823391566976698,0.570696418979922,phase4_v1,True,False,False,False,False,True,True,flagged,not_attempted,not_found,matched,phase5_v1,5.48888470273016,16.8769418728228,,,,HD   1764,PM*,,0.0020425594431910474,not_found,,,no_external_match,"SIMBAD: HD   1764 otype=PM* (0.0"")",phase5c_v1,False
14,control,57920096,TIC 57920096,TIC 57920096,1767.5340103163828,852.1974086761475,3.925720184659727,0.0666665036496851,0.0365581343448866,0.0333332518221141,0.033333251827571,1.0000000001637095,0.1334621639135811,0.7806245248660231,-17.23450836607401,720,False,False,phase3_v1,13030,0.9214674,0.1766574083195103,0.5706538768939143,phase4_v1,True,False,False,False,True,True,True,flagged,not_attempted,not_found,matched,phase5_v1,4.65940729246549,31.51723037944,,,,HD   1439,PM*,,0.008616256914911314,not_found,,,no_external_match,"SIMBAD: HD   1439 otype=PM* (0.0"")",phase5c_v1,False
27,target,436840249,33 Ari,TIC 436840249,1794.8775544689288,1535.8328819274902,3.91344368372741,0.066666672079009,0.0369359099840949,0.0333333416492678,0.0333333304297411,0.9999996634142848,-0.0301598015718441,0.7200585123740422,-49.65725440557867,712,False,False,phase3_v1,14739,0.9214674,0.1761049657677334,0.5703101348638805,phase4_v1,True,False,False,False,True,True,True,flagged,not_attempted,not_found,matched,phase5_v1,40.17133333333333,27.060861111111112,,,,*  33 Ari,PM*,,0.6580493206682974,not_found,,,no_external_match,"SIMBAD: *  33 Ari otype=PM* (0.7"")",phase5c_v1,False
26,control,417236897,TIC 417236897,TIC 417236897,1966.5810240828912,1140.0580406188965,3.840721868564702,0.0666655082331999,0.0343255054594919,0.0333327541138714,0.0333327541193284,1.000000000163712,-0.1951685952916391,0.4991157847638248,1.726771503233067,697,False,False,phase3_v1,18197,0.9214674,0.177149412853317,0.5700006955464867,phase4_v1,True,False,False,False,True,True,True,flagged,not_attempted,not_found,matched,phase5_v1,17.7113956128308,67.7801243887217,,,,HD   6840,**,,0.031944072713433656,not_found,,,no_external_match,"SIMBAD: HD   6840 otype=** (0.0"")",phase5c_v1,False
22,target,63790159,gam Tri,TIC 63790159,1809.7785014459423,473.2012748718262,3.8887306750070367,0.0666646827412478,0.0388569509232183,0.0333323357881454,0.0333323469531023,1.000000334958733,-0.2709814917949535,0.9469727830712356,-23.035994851307237,715,False,False,phase3_v1,14756,0.9214674,0.1749929004728406,0.5696181786587196,phase4_v1,True,False,False,False,True,True,True,flagged,not_attempted,not_found,matched,phase5_v1,34.32883333333333,33.84711111111111,,,,* gam Tri,PM*,,0.7257198156500323,not_found,,,no_external_match,"SIMBAD: * gam Tri otype=PM* (0.7"")",phase5c_v1,False
6,control,240644651,TIC 240644651,TIC 240644651,1765.970678084242,1711.8453979492188,3.845052523256811,0.0666679452988319,0.0439497283114178,0.0333339670614805,0.0333339782373514,1.0000003352697528,-0.0997069513980729,0.1145795882171532,-0.3660389372620329,675,False,False,phase3_v1,13065,0.9214674,0.1730273836627416,0.5683951904171777,phase4_v1,True,False,False,False,True,True,True,flagged,not_attempted,not_found,matched,phase5_v1,8.62379657702518,47.9155420313053,,,,HD   3079,PM*,,0.004108399921061345,not_found,,,no_external_match,"SIMBAD: HD   3079 otype=PM* (0.0"")",phase5c_v1,False
15,control,67786245,TIC 67786245,TIC 67786245,2453.713838107405,909.268856048584,3.803828663887415,0.0666730840821401,0.037517577442486,0.033336542051984,0.0333365420301561,0.9999999993452268,-0.2058896975054653,0.1870828966678845,0.9038348380743172,711,False,False,phase3_v1,13077,0.9214674,0.1734318769701194,0.5681447491464349,phase4_v1,True,False,False,False,True,True,True,flagged,not_attempted,not_found,matched,phase5_v1,56.1175150188725,20.9287361149159,,,,HD  23258,*,,0.0030308139428609398,not_found,,,no_external_match,"SIMBAD: HD  23258 otype=* (0.0"")",phase5c_v1,False
14,target,436544292,66 Psc,TIC 436544292,1765.7706016900424,1241.2071228027344,3.8260952261892176,0.0666671071467135,0.0337896058990736,0.0333335535706282,0.0333335535760852,1.000000000163708,0.0601395603710812,0.3746868980694202,0.0714408378406687,671,False,False,phase3_v1,13041,0.9214674,0.1723528872829389,0.5679358188945807,phase4_v1,True,False,False,False,True,True,True,flagged,not_attempted,not_found,matched,phase5_v1,13.646791666666669,19.188333333333333,,,,*  66 Psc,**,,0.2558440474828304,not_found,,,no_external_match,"SIMBAD: *  66 Psc otype=** (0.3"")",phase5c_v1,False
26,control,417236897,TIC 417236897,TIC 417236897,1974.7475874146935,799.6261119842529,3.815572753007912,0.0666659999715193,0.0363400645310321,0.0333329999830311,0.0333329999884881,1.0000000001637106,0.232306951089478,0.9963295725386524,-2.345360924559145,710,False,False,phase3_v1,18197,0.9214674,0.1717007738951786,0.5675697488076635,phase4_v1,True,False,False,False,True,True,True,flagged,not_attempted,not_found,matched,phase5_v1,17.7113956128308,67.7801243887217,,,,HD   6840,**,,0.031944072713433656,not_found,,,no_external_match,"SIMBAD: HD   6840 otype=** (0.0"")",phase5c_v1,False
6,control,240644651,TIC 240644651,TIC 240644651,1767.8582076881642,1401.0369777679443,3.697782518222066,0.0666675988468341,0.0325392930044472,0.033333799423417,0.033333799423417,1.0,0.3629879615966733,0.8886373240491183,2.953857649922611,712,False,False,phase3_v1,13065,0.9214674,0.1737848574447995,0.5672254798796534,phase4_v1,True,False,False,False,True,True,True,flagged,not_attempted,not_found,matched,phase5_v1,8.62379657702518,47.9155420313053,,,,HD   3079,PM*,,0.004108399921061345,not_found,,,no_external_match,"SIMBAD: HD   3079 otype=PM* (0.0"")",phase5c_v1,False
0,target,12377940,HR 9102,TIC 12377940,1378.1077781484776,1339.9720191955566,3.672372672267701,0.1666650471997854,0.130086964361908,0.0999990327836712,0.0666660144161142,0.6666665922692805,-0.4124624035620923,0.2166568175403975,2.892292665065156,675,False,False,phase3_v1,18297,0.9214674,0.1724875019147094,0.5664524392080736,phase4_v1,True,False,False,False,True,False,True,flagged,not_attempted,not_found,matched,phase5_v1,1.0847083333333334,-29.268805555555556,,,,HD 225200,*,,0.17895056660281167,not_found,,,no_external_match,"SIMBAD: HD 225200 otype=* (0.2"")",phase5c_v1,False
19,target,229142326,HD 10939,TIC 229142326,1372.4807652364882,422.6863384246826,3.729552608832963,0.0666668302328616,0.0406024279400298,0.0333334151218878,0.0333334151109738,0.9999999996725828,0.0711283589291729,0.2123417851878759,-31.741377330849332,714,False,False,phase3_v1,18295,0.9214674,0.1678298673974833,0.565161184766836,phase4_v1,True,False,False,True,True,True,True,flagged,not_attempted,not_found,matched,phase5_v1,26.526666666666667,-53.52186111111111,,,,* q02 Eri,PM*,,1.3739245336483723,not_found,,,no_external_match,"SIMBAD: * q02 Eri otype=PM* (1.4"")",phase5c_v1,False
5,target,194503676,sig And,TIC 194503676,1765.7587841000045,493.2880401611328,3.682114462683576,0.066667051267359,0.0444002586682472,0.0333335312188864,0.0333335200484725,0.9999996648895716,-0.0897814949837429,0.7747648909927021,0.7688808183811489,674,False,False,phase3_v1,13096,0.9214674,0.1676173528667137,0.5646017974930342,phase4_v1,True,False,False,False,True,True,True,flagged,not_attempted,matched,matched,phase5_v1,4.581666666666666,36.78511111111111,NSV 118,,0.8312036119744395,* sig And,PM*,,0.8011781839582733,not_found,,,known_variable_match,"VSX: NSV 118 type= (0.8""); SIMBAD: * sig And otype=PM* (0.8"")",phase5c_v1,True
26,control,417236897,TIC 417236897,TIC 417236897,1962.5727712696143,900.7751941680908,3.6666336699964193,0.0666651953088148,0.0339355634714593,0.0333325976571359,0.0333325976516789,0.9999999998362872,-0.0826324119132166,0.3201072171934158,1.0753718505882262,714,False,False,phase3_v1,18197,0.9214674,0.1676869447763094,0.5644748263300009,phase4_v1,True,False,False,False,True,True,True,flagged,not_attempted,not_found,matched,phase5_v1,17.7113956128308,67.7801243887217,,,,HD   6840,**,,0.031944072713433656,not_found,,,no_external_match,"SIMBAD: HD   6840 otype=** (0.0"")",phase5c_v1,False
4,control,257502302,TIC 257502302,TIC 257502302,2450.2113216493167,1983.2253456115725,3.665849565512047,0.0666698430140968,0.0322198098619992,0.0333349159191129,0.0333349270949838,1.0000003352602096,-0.3329469112390162,0.354672947732475,-23.794401175086705,719,False,False,phase3_v1,11275,0.9214674,0.1649632505636546,0.5633775076000953,phase4_v1,True,False,False,False,True,True,True,flagged,not_attempted,matched,matched,phase5_v1,0.696563997766192,2.13015199433585,NSV 3,CST,1.6013439029296077,HD 225028B,PM*,,0.010218910957018783,not_found,,,known_variable_match,"VSX: NSV 3 type=CST (1.6""); SIMBAD: HD 225028B otype=PM* (0.0"")",phase5c_v1,True
18,control,303241443,TIC 303241443,TIC 303241443,2859.7714500870666,1318.9911842346191,3.636006337748496,0.0666662228941277,0.020767671350768,0.0333331058536714,0.0333331170404562,1.0000003356058351,0.1367111641543451,1.4686610892795209,-39.94921962044623,720,False,False,phase3_v1,17987,0.9214674,0.1636203053350324,0.5625418972310109,phase4_v1,True,False,False,False,True,True,True,flagged,not_attempted,not_found,matched,phase5_v1,5.48888470273016,16.8769418728228,,,,HD   1764,PM*,,0.0020425594431910474,not_found,,,no_external_match,"SIMBAD: HD   1764 otype=PM* (0.0"")",phase5c_v1,False
6,control,240644651,TIC 240644651,TIC 240644651,1769.0276673844853,1427.1140098571775,3.6071771843082687,0.0666674871263239,0.0253424496768275,0.0333337435658904,0.0333337435604335,0.999999999836293,0.2926850218847034,2.0055324724290235,0.5745052112920348,699,False,False,phase3_v1,13065,0.9214674,0.1637592363221021,0.5623091780914364,phase4_v1,True,False,False,True,True,True,True,flagged,not_attempted,not_found,matched,phase5_v1,8.62379657702518,47.9155420313053,,,,HD   3079,PM*,,0.004108399921061345,not_found,,,no_external_match,"SIMBAD: HD   3079 otype=PM* (0.0"")",phase5c_v1,False
4,control,257502302,TIC 257502302,TIC 257502302,2450.858574337431,2040.9226417541504,3.586774048025795,0.0666697648484841,0.0387333334365394,0.0333348824133281,0.033334882435156,1.0000000006548058,-0.2860713562679632,0.1264732179597127,1.007682850576998,719,False,False,phase3_v1,11275,0.9214674,0.1639240393268916,0.5621710679305275,phase4_v1,True,False,False,False,True,True,True,flagged,not_attempted,matched,matched,phase5_v1,0.696563997766192,2.13015199433585,NSV 3,CST,1.6013439029296077,HD 225028B,PM*,,0.010218910957018783,not_found,,,known_variable_match,"VSX: NSV 3 type=CST (1.6""); SIMBAD: HD 225028B otype=PM* (0.0"")",phase5c_v1,True
5,target,194503676,sig And,TIC 194503676,1768.3157351387033,599.205493927002,3.468366038372487,0.0666666712495498,0.031867035655523,0.0333333412127103,0.0333333300368394,0.9999996647239524,-0.2969288605478505,0.0837424677088263,2.4715081368382243,698,False,False,phase3_v1,13096,0.9214674,0.1622552420688575,0.5603194689307808,phase4_v1,True,False,False,False,True,True,True,flagged,not_attempted,matched,matched,phase5_v1,4.581666666666666,36.78511111111111,NSV 118,,0.8312036119744395,* sig And,PM*,,0.8011781839582733,not_found,,,known_variable_match,"VSX: NSV 118 type= (0.8""); SIMBAD: * sig And otype=PM* (0.8"")",phase5c_v1,True
0,control,428612809,TIC 428612809,TIC 428612809,2887.246604441321,835.2994918823242,3.5508315188974473,0.0666673283885757,0.0394127517902234,0.0333336642106587,0.0333336641779169,0.9999999990177556,-0.1014610662374306,0.1613699503468857,-23.961776658686404,719,False,False,phase3_v1,19474,0.9214674,0.1597874183503851,0.5601569942486414,phase4_v1,True,False,False,False,True,True,True,flagged,not_attempted,not_found,matched,phase5_v1,8.33027575932507,70.9818541198048,,,,HD   2904,*,,0.0036115065101070356,not_found,,,no_external_match,"SIMBAD: HD   2904 otype=* (0.0"")",phase5c_v1,False
15,target,435680540,HR 333,TIC 435680540,1791.3812764486672,822.0672607421875,2.8146978985480184,0.1000021203471988,0.0633108263191388,0.0333340401193709,0.0666680802278278,1.9999999996725888,-0.0909257239280296,-0.001890420008014,-1.104204564667839,522,False,False,phase3_v1,15135,0.9111678,0.1866614054150161,0.5583954413647283,phase4_v1,True,False,False,False,True,False,True,flagged,not_attempted,not_found,matched,phase5_v1,18.071791666666662,79.67397222222223,,,,HD   6798,PM*,,1.1126976097085906,not_found,,,no_external_match,"SIMBAD: HD   6798 otype=PM* (1.1"")",phase5c_v1,False
24,control,440042075,TIC 440042075,TIC 440042075,1768.054088493521,1261.3534927368164,3.4468904738091544,0.0666670959381008,0.0440892370515939,0.0333335535542573,0.0333335423838434,0.999999664889796,0.2944525546199165,0.797020311815182,-14.478511232966184,709,False,False,phase3_v1,13096,0.9214674,0.1551100713214119,0.5572466449861693,phase4_v1,True,False,False,True,True,True,True,flagged,not_attempted,not_found,matched,phase5_v1,3.20017708980093,46.095403549577,,,,HD    818,PM*,,0.002012145382295509,not_found,,,no_external_match,"SIMBAD: HD    818 otype=PM* (0.0"")",phase5c_v1,False
5,target,194503676,sig And,TIC 194503676,1768.0560128364082,616.3120269775391,3.427142237340538,0.0666666712495498,0.0327767978433257,0.0333333412127103,0.0333333300368394,0.9999996647239524,-0.3067273977289251,0.1582556796374032,-4.31588655139376,709,False,False,phase3_v1,13096,0.9214674,0.1542214006803242,0.556693694365048,phase4_v1,True,False,False,False,True,True,True,flagged,not_attempted,matched,matched,phase5_v1,4.581666666666666,36.78511111111111,NSV 118,,0.8312036119744395,* sig And,PM*,,0.8011781839582733,not_found,,,known_variable_match,"VSX: NSV 118 type= (0.8""); SIMBAD: * sig And otype=PM* (0.8"")",phase5c_v1,True
19,control,352180433,TIC 352180433,TIC 352180433,1768.4642469147182,367.4626350402832,3.4181960807013643,0.0666667383102321,0.0355758043788227,0.0333333635644521,0.03333337474578,1.0000003354395317,-0.2330783235883867,0.1219373835772401,-0.5989123672947017,694,False,False,phase3_v1,13088,0.9214674,0.1538188437579333,0.5564432100296999,phase4_v1,True,False,False,False,True,True,True,flagged,not_attempted,matched,matched,phase5_v1,4.27285790560034,38.6816441666123,NSV 116,,0.17533629924296068,* tet And,**,,0.19518468100616418,not_found,,,known_variable_match,"VSX: NSV 116 type= (0.2""); SIMBAD: * tet And otype=** (0.2"")",phase5c_v1,True
18,control,303241443,TIC 303241443,TIC 303241443,2866.8769173289497,1706.6597938537598,3.3018796231994103,0.0999985576454491,0.0668920634743699,0.0666656976500235,0.0333328599954256,0.5000001675586444,-0.0041077931765353,-0.0429317236834685,1.8840021398568751,598,False,False,phase3_v1,17987,0.9214674,0.1532945883936156,0.5550703433089533,phase4_v1,True,False,False,False,True,False,True,flagged,not_attempted,not_found,matched,phase5_v1,5.48888470273016,16.8769418728228,,,,HD   1764,PM*,,0.0020425594431910474,not_found,,,no_external_match,"SIMBAD: HD   1764 otype=PM* (0.0"")",phase5c_v1,False
9,target,155996406,HD 2834,TIC 155996406,1360.9274826592002,283.5988998413086,3.3569320435038077,0.0666669421334518,0.0389807734718488,0.0333334766437474,0.0333334654897043,0.999999665380148,-0.0156133910308361,0.1645613800566319,-58.334456624037216,703,False,False,phase3_v1,18298,0.9214674,0.1510619419576713,0.5547278089376195,phase4_v1,True,False,False,False,True,True,True,flagged,not_attempted,not_found,matched,phase5_v1,7.854083333333335,-48.8035,,,,* lam01 Phe,PM*,,0.05234102603826428,not_found,,,no_external_match,"SIMBAD: * lam01 Phe otype=PM* (0.1"")",phase5c_v1,False
10,target,469974193,bet03 Tuc,TIC 469974193,1339.737690051769,352.7402877807617,3.162944781761086,0.0666671820054034,0.0533733934971678,0.0333335882060055,0.0333335937993979,1.0000001678004895,-0.2142714520810836,-0.0525628227434746,3.886956973197812,417,False,False,phase3_v1,18270,0.9214674,0.1520499176802728,0.553183126609233,phase4_v1,True,False,False,False,True,True,True,flagged,not_attempted,not_found,matched,phase5_v1,8.183458333333332,-63.03161111111111,,,,* bet03 Tuc,**,,0.9365279702657712,not_found,,,no_external_match,"SIMBAD: * bet03 Tuc otype=** (0.9"")",phase5c_v1,False
7,target,37748347,HD 1461,TIC 37748347,1398.1651572256158,540.7333374023438,3.1936222181480542,0.0666651532083051,0.0434736942625022,0.0333325821975449,0.0333325710107601,0.9999996643888924,0.0513965185759505,0.009687293608005,0.6643324626363665,717,False,False,phase3_v1,12976,0.9214674,0.1453738309732533,0.5508194662902948,phase4_v1,True,False,False,True,True,True,True,flagged,not_attempted,not_found,matched,phase5_v1,4.675708333333334,-8.053444444444445,,,,HD   1461,PM*,,4.765410122195232,not_found,,,no_external_match,"SIMBAD: HD   1461 otype=PM* (4.8"")",phase5c_v1,False
17,control,368454136,TIC 368454136,TIC 368454136,1967.0548203298804,1262.0389461517334,2.7427175140729187,0.0666656646899355,0.0465820645167696,0.0333328323449677,0.0333328323449677,1.0,0.1745736302234473,-0.3334125883535845,18.24383751440172,704,False,False,phase3_v1,18206,0.9111678,0.1690318819192856,0.5506238281216851,phase4_v1,True,False,False,False,False,True,True,flagged,not_attempted,not_found,matched,phase5_v1,11.6604369302305,69.3254086824963,,,,HD   4295,PM*,,0.004844175327818099,not_found,,,no_external_match,"SIMBAD: HD   4295 otype=PM* (0.0"")",phase5c_v1,False
10,target,469974193,bet03 Tuc,TIC 469974193,1348.926619593766,604.8381328582764,3.1245811375433687,0.0666667070527182,0.0294460245604568,0.0333333535181736,0.0333333535345445,1.000000000491127,0.2297946259059391,0.2342293841106508,1.2776158777911064,260,False,False,phase3_v1,18270,0.9214674,0.1438001909133969,0.5494995994603055,phase4_v1,True,False,False,False,True,True,True,flagged,not_attempted,not_found,matched,phase5_v1,8.183458333333332,-63.03161111111111,,,,* bet03 Tuc,**,,0.9365279702657712,not_found,,,no_external_match,"SIMBAD: * bet03 Tuc otype=** (0.9"")",phase5c_v1,False
10,target,469974193,bet03 Tuc,TIC 469974193,1347.3627286732728,478.0292510986328,3.1578609988337965,0.1333335984800214,0.0633670632196299,0.1000001946595148,0.0333334038205066,0.333333389339908,-0.1464873760112861,0.2511160186389118,-23.61969160630133,617,False,False,phase3_v1,18270,0.9214674,0.1421037449475208,0.5491538196868593,phase4_v1,True,False,False,False,True,False,True,flagged,not_attempted,not_found,matched,phase5_v1,8.183458333333332,-63.03161111111111,,,,* bet03 Tuc,**,,0.9365279702657712,not_found,,,no_external_match,"SIMBAD: * bet03 Tuc otype=** (0.9"")",phase5c_v1,False
22,control,234309613,TIC 234309613,TIC 234309613,1351.1713362899814,250.399112701416,2.9302333821728817,0.0666666511679068,0.0386732036604371,0.0333333255894103,0.0333333255784964,0.9999999996725818,0.0461756978090531,0.0951425266904073,5.4591667038587275,709,False,False,phase3_v1,18270,0.9214674,0.1455084189574265,0.5482394131242124,phase4_v1,True,False,False,True,False,True,True,flagged,not_attempted,not_found,matched,phase5_v1,35.4372525532317,-68.6594136153249,,,,* del Hyi,PM*,,0.02030222880476801,not_found,,,no_external_match,"SIMBAD: * del Hyi otype=PM* (0.0"")",phase5c_v1,False
10,target,469974193,bet03 Tuc,TIC 469974193,1347.9974519765058,533.2529544830322,3.0422644717203724,0.0666667629102448,0.0466852499521337,0.033333381436023,0.0333333814742218,1.0000000011459618,0.158358815236536,0.0489762716239883,-8.917250580432096,424,False,False,phase3_v1,18270,0.9214674,0.1369019012961744,0.5459171169551864,phase4_v1,True,False,False,False,True,True,True,flagged,not_attempted,not_found,matched,phase5_v1,8.183458333333332,-63.03161111111111,,,,* bet03 Tuc,**,,0.9365279702657712,not_found,,,no_external_match,"SIMBAD: * bet03 Tuc otype=** (0.9"")",phase5c_v1,False
4,control,257502302,TIC 257502302,TIC 257502302,2453.518414186695,2088.90438079834,3.262691947083058,0.0666694742321851,0.0330973338859621,0.0333347371160925,0.0333347371160925,1.0,-0.1708707127142423,0.0686017764802757,-4.350842306599759,407,False,False,phase3_v1,11275,0.8967468,0.1468211376187376,0.5397287816437987,phase4_v1,True,False,False,False,True,True,True,flagged,not_attempted,matched,matched,phase5_v1,0.696563997766192,2.13015199433585,NSV 3,CST,1.6013439029296077,HD 225028B,PM*,,0.010218910957018783,not_found,,,known_variable_match,"VSX: NSV 3 type=CST (1.6""); SIMBAD: HD 225028B otype=PM* (0.0"")",phase5c_v1,True
15,target,435680540,HR 333,TIC 435680540,1791.650726667736,724.3752479553223,2.790022532307373,0.0666680802387418,0.0547017741828312,0.0333340401193709,0.0333340401193709,1.0,0.1101834387391424,0.1654516264507468,0.726124427998684,552,False,False,phase3_v1,15135,0.9111678,0.1273663250238285,0.5344306555458467,phase4_v1,True,False,False,False,True,True,True,flagged,not_attempted,not_found,matched,phase5_v1,18.071791666666662,79.67397222222223,,,,HD   6798,PM*,,1.1126976097085906,not_found,,,no_external_match,"SIMBAD: HD   6798 otype=PM* (1.1"")",phase5c_v1,False
4,control,257502302,TIC 257502302,TIC 257502302,2466.1660754552536,2143.5022354125977,3.735145779534542,0.0666681666880322,0.0529258818096423,0.0333340889483224,0.0333340777397097,0.9999996637492412,-0.1533018430394735,0.3520945851029586,-1.0212953178543105,719,False,False,phase3_v1,11275,0.81006485,0.1680815600790544,0.5096165079458179,phase4_v1,True,False,False,False,True,True,True,flagged,not_attempted,matched,matched,phase5_v1,0.696563997766192,2.13015199433585,NSV 3,CST,1.6013439029296077,HD 225028B,PM*,,0.010218910957018783,not_found,,,known_variable_match,"VSX: NSV 3 type=CST (1.6""); SIMBAD: HD 225028B otype=PM* (0.0"")",phase5c_v1,True
26,target,372121208,HD 15407,TIC 372121208,2895.493588444462,2902.120351791382,2.271135396510075,0.0111111506084853,0.0053899811100563,0.0055555753096996,0.0055555752987856,0.9999999980354984,0.3596352317551832,-0.9144156490997668,-371.33500802563174,4316,False,False,phase3_v1,116956,0.7649099,0.1022010928429533,0.4460467526405969,phase4_v1,True,False,False,True,True,True,True,flagged,not_attempted,matched,matched,phase5_v1,37.7115,55.548138888888886,HD 15407A,CST,1.2449531733916164,HD  15407,PM*,,1.301837728408818,not_found,,,known_variable_match,"VSX: HD 15407A type=CST (1.2""); SIMBAD: HD  15407 otype=PM* (1.3"")",phase5c_v1,True
22,control,234309613,TIC 234309613,TIC 234309613,1343.9657622168036,421.5836524963379,6.535168687367065,0.0666670031750982,0.0378060071725485,0.0333334988044953,0.0333335043706028,1.0000001669823984,-0.4053896224989079,1.7690108717059116,-8.49256498695911,702,False,True,phase3_v1,18270,0.9214674,0.0440826009504618,0.3937184389733683,phase4_v1,False,False,True,False,True,True,True,flagged,not_attempted,not_found,matched,phase5_v1,35.4372525532317,-68.6594136153249,,,,* del Hyi,PM*,,0.02030222880476801,not_found,,,no_external_match,"SIMBAD: * del Hyi otype=PM* (0.0"")",phase5c_v1,False
9,target,155996406,HD 2834,TIC 155996406,1354.113539794728,500.08296966552734,5.449183892160456,,,,0.1000012569566024,,-0.8061818262640887,2.00044288971001,-85.30587435669963,360,True,False,phase3_v1,18298,0.9214674,0.0,0.3652255506411175,phase4_v1,False,True,False,False,True,True,True,flagged,not_attempted,not_found,matched,phase5_v1,7.854083333333335,-48.8035,,,,* lam01 Phe,PM*,,0.05234102603826428,not_found,,,no_external_match,"SIMBAD: * lam01 Phe otype=PM* (0.1"")",phase5c_v1,False
22,target,63790159,gam Tri,TIC 63790159,1790.6703970779874,1274.10888671875,5.242877990753345,0.0666670855534903,0.0314896220479568,0.0333335427822021,0.0333335427712881,0.999999999672584,-0.5392243233457122,0.6904993182676913,-46.54513983582416,311,True,False,phase3_v1,14756,0.9214674,0.0,0.3631624916270464,phase4_v1,False,True,False,False,True,True,True,flagged,not_attempted,not_found,matched,phase5_v1,34.32883333333333,33.84711111111111,,,,* gam Tri,PM*,,0.7257198156500323,not_found,,,no_external_match,"SIMBAD: * gam Tri otype=PM* (0.7"")",phase5c_v1,False
22,target,63790159,gam Tri,TIC 63790159,1791.0551221097687,1286.625862121582,4.616219890317623,0.0666670855534903,0.0317989793002198,0.0333335427822021,0.0333335427712881,0.999999999672584,0.3731736322715144,0.6590562555111843,-2.7835493075116347,435,True,False,phase3_v1,14756,0.9214674,0.0,0.3568959106226891,phase4_v1,True,True,False,True,True,True,True,flagged,not_attempted,not_found,matched,phase5_v1,34.32883333333333,33.84711111111111,,,,* gam Tri,PM*,,0.7257198156500323,not_found,,,no_external_match,"SIMBAD: * gam Tri otype=PM* (0.7"")",phase5c_v1,False
15,control,67786245,TIC 67786245,TIC 67786245,2447.9340989332854,927.0906448364258,4.4415873297624735,0.0666735574632184,0.0385726712011091,0.0333367788189207,0.0333367786442977,0.999999994761852,0.1531061367435232,2.0387477489403976,2.5364242033142546,533,True,False,phase3_v1,13077,0.9214674,0.0,0.3551495850171376,phase4_v1,True,True,False,True,True,True,True,flagged,not_attempted,not_found,matched,phase5_v1,56.1175150188725,20.9287361149159,,,,HD  23258,*,,0.0030308139428609398,not_found,,,no_external_match,"SIMBAD: HD  23258 otype=* (0.0"")",phase5c_v1,False
11,control,461597067,TIC 461597067,TIC 461597067,1791.0183049380878,1094.4902896881104,4.192024562832621,0.0666683260751597,0.0411504101557511,0.0333341630430368,0.0333341630321228,0.99999999967259,-0.1593869238542709,0.1842084120185485,1.6396233368532194,424,True,False,phase3_v1,14811,0.9214674,0.0,0.3526539573478391,phase4_v1,True,True,False,False,True,True,True,flagged,not_attempted,not_found,matched,phase5_v1,9.56074632591123,84.674980617209,,,,HD   3161,*,,0.002245246230424759,not_found,,,no_external_match,"SIMBAD: HD   3161 otype=* (0.0"")",phase5c_v1,False
7,target,37748347,HD 1461,TIC 37748347,1406.0565833833195,658.9293479919434,3.9641123583273576,0.0666642479573056,0.037774404445372,0.0333321239704673,0.0333321239868382,1.000000000491145,-0.2181756392972366,0.2895365560721821,-46.2163183100331,471,True,False,phase3_v1,12976,0.9214674,0.0,0.3503748353027864,phase4_v1,True,True,False,False,True,True,True,flagged,not_attempted,not_found,matched,phase5_v1,4.675708333333334,-8.053444444444445,,,,HD   1461,PM*,,4.765410122195232,not_found,,,no_external_match,"SIMBAD: HD   1461 otype=PM* (4.8"")",phase5c_v1,False
8,control,398018469,TIC 398018469,TIC 398018469,1790.886363110096,907.0634841918944,3.0557905262622285,0.0666678287816466,0.036911531289661,0.0333339172066189,0.0333339115750277,0.9999998310552236,-0.2267768032516126,-0.1741920446740223,4.441720003269893,333,True,False,phase3_v1,14834,0.9214674,0.0,0.3412916169821353,phase4_v1,True,True,False,False,True,True,True,flagged,not_attempted,not_found,matched,phase5_v1,23.6386016223691,68.948135589728,,,,HD   9407,PM*,,0.0025834501988793415,not_found,,,no_external_match,"SIMBAD: HD   9407 otype=PM* (0.0"")",phase5c_v1,False
27,target,436840249,33 Ari,TIC 436840249,1790.670585957704,2270.4005241394043,1.3502221735980129,,,,0.4333392302251013,,0.1714099497886971,-1.2428593527356628,3.0834394316020877,301,True,False,phase3_v1,14739,0.93499094,0.0,0.3309976929750701,phase4_v1,True,True,False,False,True,True,True,flagged,not_attempted,not_found,matched,phase5_v1,40.17133333333333,27.060861111111112,,,,*  33 Ari,PM*,,0.6580493206682974,not_found,,,no_external_match,"SIMBAD: *  33 Ari otype=PM* (0.7"")",phase5c_v1,False
9,control,384986756,TIC 384986756,TIC 384986756,1814.145171297281,460.68429946899414,2.6091787187160183,0.0666659791913844,0.0455857660654146,0.0333329951863561,0.0333329840050282,0.9999996645567611,-0.1886226358284794,-0.2801174241536244,3.5733909645463484,474,True,False,phase3_v1,14692,0.7618045,0.0,0.2569940477290761,phase4_v1,True,True,False,False,True,True,True,flagged,not_attempted,matched,matched,phase5_v1,50.3606551307834,43.3296503903761,NSV 1107,,0.0782789100986548,* l Per,PM*,,0.016768767174662177,not_found,,,known_variable_match,"VSX: NSV 1107 type= (0.1""); SIMBAD: * l Per otype=PM* (0.0"")",phase5c_v1,True
